nation,missiles_used,others_cured,hordes_used,others_zombified,tzes_used,others_killed,hit_by_missiles,cured_by_others,hit_by_hordes,zombified_by_others,hit_by_tzes,killed_by_others,min_time
1st_boani_fleet,0,0,0,0,0,0,31,620,0,0,0,0,0
1st_tolfaerian_army,2,5,0,0,0,0,0,0,0,0,0,0,40
2nd_tolfaerian_army,1,6,0,0,0,0,0,0,0,0,0,0,20
a_forest,0,0,0,0,0,0,8,377,0,0,0,0,0
a_once_great_nation,0,0,0,0,0,0,7,561,0,0,0,0,0
a_serial_jaywalker,0,0,0,0,0,0,13,30,0,0,0,0,0
a_tree,0,0,0,0,0,0,6,533,0,0,0,0,0
aandruzognivia,0,0,0,0,0,0,0,0,5,5,0,0,100
aawia,0,0,0,0,0,0,7,473,0,0,0,0,0
abbagagania,0,0,0,0,0,0,13,5056,0,0,0,0,0
aberdoom,2,661,0,0,0,0,141,878,0,0,0,0,40
action,0,0,0,0,0,0,4,655,2,1593,0,0,40
adarak_prime,0,0,0,0,0,0,130,29515,0,0,0,0,0
adezku,61,321,0,0,0,0,57,67,0,0,0,0,1220
adour,0,0,0,0,0,0,11,598,0,0,0,0,0
aeaia,0,0,0,0,0,0,5,127,0,0,0,0,0
aengloland,0,0,0,0,0,0,40,13608,0,0,0,0,0
aeternitatia,0,0,0,0,0,0,9,2524,0,0,0,0,0
aeterno_tranquillitas,0,0,0,0,0,0,41,6065,0,0,0,0,0
afhonikkwn,0,0,0,0,0,0,16,2374,0,0,0,0,0
aigania,3,93,0,0,0,0,1,36,0,0,0,0,60
akkoro,0,0,0,0,0,0,15,15,0,0,0,0,0
al_mutwakkil,0,0,0,0,0,0,1,66,0,0,0,0,0
alband_hecen_salvengo_therzii,0,0,0,0,0,0,69,751,0,0,0,0,0
alcantaria,0,0,0,0,0,0,99,3558,0,0,0,0,0
aldoweeden,0,0,0,0,0,0,25,29,0,0,0,0,0
all_wild_things,0,0,0,0,0,0,0,0,5,246,0,0,100
alpine_missile_silos,0,0,0,0,0,0,15,1106,0,0,0,0,0
alpine_republics,0,0,0,0,0,0,63,18486,0,0,0,0,0
alsakah,0,0,0,0,0,0,92,2038,0,0,0,0,0
altdura,0,0,0,0,0,0,9,923,0,0,0,0,0
alvecia,0,0,0,0,0,0,1,106,0,0,0,0,0
amazon_rain_forest,0,0,0,0,0,0,94,31904,0,0,0,0,0
amazon_rainforest,0,0,0,0,0,0,132,25254,0,0,0,0,0
american_antartica,0,0,0,0,0,0,1,7,1,90,0,0,20
amogus_chicken_nugget,0,0,0,0,0,0,26,291,0,0,0,0,0
amogus_twerk,0,0,0,0,0,0,11,191,0,0,0,0,0
amstrokiio,0,0,0,0,0,0,1,1,0,0,0,0,0
an_alliance_of_potatoes,0,0,0,0,0,0,27,684,0,0,0,0,0
anachronolandia,0,0,0,0,0,0,88,4858,0,0,0,0,0
anequina-pellitine,0,0,0,0,0,0,5,426,0,0,0,0,0
anga_tzen_scanadia,0,0,0,0,0,0,10,747,0,0,0,0,0
angasolzania,0,0,0,0,0,0,1,1,0,0,0,0,0
anime_underworld,0,0,0,0,0,0,21,332,0,0,0,0,0
another_evil_queendom,0,0,0,0,0,0,29,37,0,0,0,0,0
antiquity,0,0,0,0,0,0,3,304,0,0,0,0,0
ants,0,0,0,0,0,0,42,9555,0,0,0,0,0
apocylyon,0,0,0,0,0,0,16,191,0,0,0,0,0
arabia_islands,0,0,0,0,0,0,5,364,0,0,0,0,0
arcadia_vii,0,0,0,0,0,0,8,2568,0,0,0,0,0
archenomia,0,0,0,0,0,0,144,45900,0,0,0,0,0
arconian_imperium,0,0,0,0,0,0,1,1,1,7,0,0,0
arctic_arvia,0,0,0,0,0,0,39,45,0,0,0,0,0
areulder,0,0,0,0,0,0,6,1486,0,0,0,0,0
armiand_tres,0,0,0,0,0,0,4,344,0,0,0,0,0
aroam,40,169,0,0,0,0,81,225,2,12,0,0,840
arthralonia,12,765,0,0,0,0,0,0,0,0,0,0,240
arunesa,0,0,0,0,0,0,14,14,0,0,0,0,0
ashrah,0,0,0,0,0,0,87,19756,0,0,0,0,0
asiata,0,0,0,0,0,0,5,5,0,0,0,0,0
asiatic_conservative_islands,0,0,0,0,0,0,4,150,0,0,0,0,0
asmira_central,0,0,0,0,0,0,7,1992,0,0,0,0,0
asshatland,0,0,0,0,0,0,0,0,11,129,0,0,220
astmora,0,0,0,0,0,0,7,821,0,0,0,0,0
atomic_blondie,0,0,0,0,0,0,11,931,0,0,0,0,0
atraike,14,160,0,0,0,0,26,2189,0,0,0,0,280
atsvea,15,1279,0,0,0,0,98,14657,0,0,0,0,300
auioezeuiao_ae,0,0,0,0,0,0,48,472,0,0,0,0,0
autsch,4,40,0,0,0,0,29,2865,0,0,0,0,80
average_centrists,0,0,0,0,0,0,66,431,0,0,0,0,0
awitha,0,0,0,0,0,0,2,2,0,0,0,0,0
azaffran,6,27,0,0,0,0,6,927,0,0,0,0,120
azure_haven,481,4873,0,0,0,0,175,2219,0,0,0,0,9620
b_o_r_o_v_a_n,74,4180,0,0,0,0,65,491,7,2299,0,0,1560
baethland,7,7,0,0,0,0,0,0,0,0,0,0,140
ballisia,0,0,0,0,0,0,21,31,0,0,0,0,0
bananaistan,0,0,0,0,0,0,155,39381,0,0,0,0,0
bankrupt_capitalists,0,0,0,0,0,0,15,128,0,0,0,0,0
barbaric_capitalists,0,0,0,0,0,0,50,369,0,0,0,0,0
beanzarion,0,0,0,0,0,0,42,64,0,0,0,0,0
bekm,0,0,0,0,0,0,11,473,0,0,0,0,0
bele_levy_epies,14,107,0,0,0,0,13,1362,0,0,0,0,280
belovezhskaya,0,0,0,0,0,0,63,157,0,0,0,0,0
bema_preena,20,428,0,0,0,0,6,1262,0,0,0,0,400
bemberna,0,0,0,0,0,0,71,15903,0,0,0,0,0
berhart,14,72,0,0,0,0,116,2933,0,0,0,0,280
beruvik,0,0,0,0,0,0,10,526,0,0,0,0,0
bestburg,0,0,0,0,0,0,13,2947,0,0,0,0,0
betusiwa,10,10,0,0,0,0,0,0,0,0,0,0,200
beuaxmallorn,0,0,0,0,0,0,8,12,0,0,0,0,0
bewa,0,0,0,0,0,0,32,255,0,0,0,0,0
bey_dimen_islavica,0,0,0,0,0,0,20,971,0,0,0,0,0
biae,0,0,0,0,0,0,69,110,0,0,0,0,0
bilancorn,6,173,0,0,0,0,80,5002,1,215,0,0,140
bilsa,0,0,0,0,0,0,35,8393,0,0,0,0,0
bizmorks_bommas,0,0,0,0,0,0,23,1276,0,0,0,0,0
blaiwana,0,0,0,0,0,0,0,0,3,29,0,0,20
blockyvillelandia,0,0,0,0,0,0,26,280,0,0,0,0,0
blue_nagia,0,0,0,0,0,0,55,798,0,0,0,0,0
bob_bobberson,0,0,0,0,0,0,0,0,1,11,0,0,0
bobogoobo,0,0,0,0,0,0,8,445,0,0,0,0,0
bobtheblob,0,0,0,0,0,0,19,287,0,0,0,0,0
bora_whakatanu,348,35136,0,0,0,0,91,530,0,0,0,0,6960
bosnia_3,0,0,0,0,0,0,2,2,0,0,0,0,0
boss_llama,0,0,0,0,0,0,6,876,0,0,0,0,0
botanisma,0,0,0,0,0,0,5,243,0,0,0,0,0
bourlogne,0,0,0,0,0,0,1,36,0,0,0,0,0
bradhavia,9,382,0,0,0,0,0,0,0,0,0,0,180
brassica_prime,0,0,0,0,0,0,20,3605,0,0,0,0,0
bregaria,0,0,0,0,0,0,9,1535,0,0,0,0,0
brellach,0,0,0,0,0,0,126,26869,1,89,0,0,0
brennicus,0,0,0,0,0,0,1,1,0,0,0,0,0
britain_mk7,9,226,0,0,0,0,96,4235,0,0,0,0,180
british_free,0,0,0,0,0,0,3,33,0,0,0,0,0
brittexia,0,0,0,0,0,0,106,45640,0,0,0,0,0
brorlad,87,2810,0,0,0,0,21,1729,0,0,0,0,1740
brototh,1,4,0,0,0,0,0,0,0,0,0,0,20
brum_brum_2,0,0,0,0,0,0,0,0,1,24,0,0,0
brunholl,0,0,0,0,0,0,0,0,2,47,0,0,0
bundes_republic_deutschland,0,0,0,0,0,0,65,998,0,0,0,0,0
bunkaiia,0,0,0,0,0,0,8,740,0,0,0,0,0
burt_gummer,0,0,0,0,0,0,10,751,0,0,0,0,0
business_states_of_america,9,66,0,0,0,0,1,2,0,0,0,0,180
cabin-on-the-hill,0,0,0,0,0,0,30,35,0,0,0,0,0
cabomba,506,35511,0,0,0,0,93,18969,0,0,0,0,10120
caer_neamh,610,4674,0,0,0,0,68,225,0,0,0,0,12200
calametia,0,0,0,0,0,0,8,1048,0,0,0,0,0
calenmor,0,0,0,0,0,0,62,14614,0,0,0,0,0
cameroi,0,0,0,0,0,0,115,3261,0,0,0,0,0
can-*,1220,74011,0,0,0,0,2387,45598,7,862,0,0,24500
can-10,84,4754,0,0,0,0,10,552,0,0,0,0,1680
can-100,0,0,0,0,0,0,12,212,0,0,0,0,0
can-101,0,0,0,0,0,0,34,184,0,0,0,0,0
can-102,0,0,0,0,0,0,12,190,0,0,0,0,0
can-103,0,0,0,0,0,0,6,136,0,0,0,0,0
can-104,0,0,0,0,0,0,24,233,0,0,0,0,0
can-105,0,0,0,0,0,0,24,171,0,0,0,0,0
can-106,0,0,0,0,0,0,13,176,0,0,0,0,0
can-107,0,0,0,0,0,0,5,133,0,0,0,0,0
can-108,0,0,0,0,0,0,11,168,0,0,0,0,0
can-109,0,0,0,0,0,0,12,173,0,0,0,0,0
can-11,81,4138,0,0,0,0,16,565,0,0,0,0,1620
can-110,0,0,0,0,0,0,18,208,0,0,0,0,0
can-111,0,0,0,0,0,0,20,169,0,0,0,0,0
can-112,0,0,0,0,0,0,24,187,0,0,0,0,0
can-113,0,0,0,0,0,0,45,202,0,0,0,0,0
can-114,0,0,0,0,0,0,21,161,0,0,0,0,0
can-115,0,0,0,0,0,0,6,148,0,0,0,0,0
can-116,0,0,0,0,0,0,39,207,0,0,0,0,0
can-117,0,0,0,0,0,0,10,141,0,0,0,0,0
can-118,0,0,0,0,0,0,16,200,0,0,0,0,0
can-119,0,0,0,0,0,0,10,150,0,0,0,0,0
can-12,81,3826,0,0,0,0,9,541,0,0,0,0,1620
can-120,0,0,0,0,0,0,13,194,0,0,0,0,0
can-121,0,0,0,0,0,0,7,111,0,0,0,0,0
can-122,0,0,0,0,0,0,11,133,0,0,0,0,0
can-123,0,0,0,0,0,0,9,113,0,0,0,0,0
can-124,0,0,0,0,0,0,11,120,0,0,0,0,0
can-125,0,0,0,0,0,0,5,106,0,0,0,0,0
can-126,0,0,0,0,0,0,5,102,0,0,0,0,0
can-127,0,0,0,0,0,0,19,110,0,0,0,0,0
can-128,0,0,0,0,0,0,39,149,0,0,0,0,0
can-129,0,0,0,0,0,0,10,119,0,0,0,0,0
can-13,80,3912,0,0,0,0,10,521,0,0,0,0,1600
can-130,0,0,0,0,0,0,8,111,0,0,0,0,0
can-131,0,0,0,0,0,0,17,135,0,0,0,0,0
can-132,0,0,0,0,0,0,18,180,0,0,0,0,0
can-133,0,0,0,0,0,0,16,114,0,0,0,0,0
can-134,0,0,0,0,0,0,13,139,0,0,0,0,0
can-135,0,0,0,0,0,0,10,127,0,0,0,0,0
can-136,0,0,0,0,0,0,10,125,0,0,0,0,0
can-137,0,0,0,0,0,0,8,133,0,0,0,0,0
can-138,0,0,0,0,0,0,8,120,0,0,0,0,0
can-139,0,0,0,0,0,0,15,128,0,0,0,0,0
can-14,80,3709,0,0,0,0,12,747,0,0,0,0,1600
can-140,0,0,0,0,0,0,6,126,0,0,0,0,0
can-141,0,0,0,0,0,0,21,186,0,0,0,0,0
can-142,0,0,0,0,0,0,11,138,0,0,0,0,0
can-143,0,0,0,0,0,0,27,142,0,0,0,0,0
can-144,0,0,0,0,0,0,9,170,0,0,0,0,0
can-145,0,0,0,0,0,0,19,142,0,0,0,0,0
can-146,0,0,0,0,0,0,24,128,0,0,0,0,0
can-147,0,0,0,0,0,0,42,163,0,0,0,0,0
can-148,0,0,0,0,0,0,13,156,0,0,0,0,0
can-149,0,0,0,0,0,0,30,155,0,0,0,0,0
can-15,78,3206,0,0,0,0,17,770,0,0,0,0,1560
can-150,0,0,0,0,0,0,28,225,0,0,0,0,0
can-16,0,0,0,0,0,0,9,471,0,0,0,0,0
can-17,0,0,0,0,0,0,13,630,0,0,0,0,0
can-18,0,0,0,0,0,0,10,539,0,0,0,0,0
can-19,0,0,0,0,0,0,7,400,0,0,0,0,0
can-2,101,8100,0,0,0,0,18,1237,1,121,0,0,2040
can-20,0,0,0,0,0,0,7,512,0,0,0,0,0
can-21,0,0,0,0,0,0,7,474,0,0,0,0,0
can-22,0,0,0,0,0,0,8,411,0,0,0,0,0
can-23,0,0,0,0,0,0,4,354,0,0,0,0,0
can-24,0,0,0,0,0,0,13,443,0,0,0,0,0
can-25,0,0,0,0,0,0,7,361,0,0,0,0,0
can-26,0,0,0,0,0,0,10,297,0,0,0,0,0
can-27,0,0,0,0,0,0,13,365,0,0,0,0,0
can-28,0,0,0,0,0,0,8,309,0,0,0,0,0
can-29,0,0,0,0,0,0,12,432,0,0,0,0,0
can-3,95,7347,0,0,0,0,73,1176,1,167,0,0,1920
can-30,0,0,0,0,0,0,12,453,0,0,0,0,0
can-31,0,0,0,0,0,0,23,476,0,0,0,0,0
can-32,0,0,0,0,0,0,21,429,0,0,0,0,0
can-33,0,0,0,0,0,0,12,438,0,0,0,0,0
can-34,0,0,0,0,0,0,14,498,0,0,0,0,0
can-35,0,0,0,0,0,0,13,346,0,0,0,0,0
can-36,0,0,0,0,0,0,13,394,0,0,0,0,0
can-37,0,0,0,0,0,0,13,437,0,0,0,0,0
can-38,0,0,0,0,0,0,14,399,0,0,0,0,0
can-39,0,0,0,0,0,0,11,391,0,0,0,0,0
can-4,99,7355,0,0,0,0,10,681,1,166,0,0,2000
can-40,0,0,0,0,0,0,46,630,0,0,0,0,0
can-41,0,0,0,0,0,0,13,395,0,0,0,0,0
can-42,0,0,0,0,0,0,22,533,0,0,0,0,0
can-43,0,0,0,0,0,0,16,387,0,0,0,0,0
can-44,0,0,0,0,0,0,27,518,0,0,0,0,0
can-45,0,0,0,0,0,0,11,354,0,0,0,0,0
can-46,0,0,0,0,0,0,11,369,0,0,0,0,0
can-47,0,0,0,0,0,0,11,324,1,69,0,0,20
can-48,0,0,0,0,0,0,27,482,0,0,0,0,0
can-49,0,0,0,0,0,0,10,317,0,0,0,0,0
can-5,101,6422,0,0,0,0,12,998,1,128,0,0,2040
can-50,0,0,0,0,0,0,23,479,0,0,0,0,0
can-51,0,0,0,0,0,0,11,233,0,0,0,0,0
can-52,0,0,0,0,0,0,14,294,0,0,0,0,0
can-53,0,0,0,0,0,0,33,205,0,0,0,0,0
can-54,0,0,0,0,0,0,7,172,0,0,0,0,0
can-55,0,0,0,0,0,0,18,186,0,0,0,0,0
can-56,0,0,0,0,0,0,11,177,0,0,0,0,0
can-57,0,0,0,0,0,0,10,230,0,0,0,0,0
can-58,0,0,0,0,0,0,11,236,0,0,0,0,0
can-59,0,0,0,0,0,0,13,220,0,0,0,0,0
can-6,88,6323,0,0,0,0,14,766,0,0,0,0,1760
can-60,0,0,0,0,0,0,16,272,0,0,0,0,0
can-61,0,0,0,0,0,0,15,282,0,0,0,0,0
can-62,0,0,0,0,0,0,12,198,0,0,0,0,0
can-63,0,0,0,0,0,0,8,189,0,0,0,0,0
can-64,0,0,0,0,0,0,11,185,0,0,0,0,0
can-65,0,0,0,0,0,0,20,279,0,0,0,0,0
can-66,0,0,0,0,0,0,11,228,0,0,0,0,0
can-67,0,0,0,0,0,0,15,150,0,0,0,0,0
can-68,0,0,0,0,0,0,13,272,0,0,0,0,0
can-69,0,0,0,0,0,0,15,244,0,0,0,0,0
can-7,86,5653,0,0,0,0,8,661,0,0,0,0,1720
can-70,0,0,0,0,0,0,42,168,0,0,0,0,0
can-71,0,0,0,0,0,0,18,276,0,0,0,0,0
can-72,0,0,0,0,0,0,8,187,0,0,0,0,0
can-73,0,0,0,0,0,0,48,359,0,0,0,0,0
can-74,0,0,0,0,0,0,11,209,0,0,0,0,0
can-75,0,0,0,0,0,0,13,275,0,0,0,0,0
can-76,0,0,0,0,0,0,43,305,0,0,0,0,0
can-77,0,0,0,0,0,0,26,264,0,0,0,0,0
can-78,0,0,0,0,0,0,12,247,0,0,0,0,0
can-79,0,0,0,0,0,0,12,180,0,0,0,0,0
can-8,86,4841,0,0,0,0,22,926,0,0,0,0,1720
can-80,0,0,0,0,0,0,15,195,0,0,0,0,0
can-81,0,0,0,0,0,0,17,249,0,0,0,0,0
can-82,0,0,0,0,0,0,9,206,0,0,0,0,0
can-83,0,0,0,0,0,0,9,197,0,0,0,0,0
can-84,0,0,0,0,0,0,10,213,0,0,0,0,0
can-85,0,0,0,0,0,0,7,154,0,0,0,0,0
can-86,0,0,0,0,0,0,11,199,0,0,0,0,0
can-87,0,0,0,0,0,0,9,186,0,0,0,0,0
can-88,0,0,0,0,0,0,12,226,0,0,0,0,0
can-89,0,0,0,0,0,0,11,185,0,0,0,0,0
can-9,80,4425,0,0,0,0,43,1087,2,211,0,0,1600
can-90,0,0,0,0,0,0,46,177,0,0,0,0,0
can-91,0,0,0,0,0,0,10,169,0,0,0,0,0
can-92,0,0,0,0,0,0,12,223,0,0,0,0,0
can-93,0,0,0,0,0,0,11,200,0,0,0,0,0
can-94,0,0,0,0,0,0,15,193,0,0,0,0,0
can-95,0,0,0,0,0,0,11,215,0,0,0,0,0
can-96,0,0,0,0,0,0,12,221,0,0,0,0,0
can-97,0,0,0,0,0,0,8,184,0,0,0,0,0
can-98,0,0,0,0,0,0,10,161,0,0,0,0,0
can-99,0,0,0,0,0,0,15,237,0,0,0,0,0
can-founder,0,0,0,0,0,0,13,754,0,0,0,0,0
canaltia,465,77475,0,0,0,0,141,10646,4,715,0,0,9360
candlewhisper_archive,134,7918,0,0,0,0,178,16256,0,0,0,0,2680
cannibaland,0,0,0,0,0,0,46,17197,1,106,0,0,0
capitalist_kazakhstan,0,0,0,0,0,0,20,296,0,0,0,0,0
cardvarks_1,0,0,0,0,0,0,24,95,0,0,0,0,0
carolean_dynasty,0,0,0,0,0,0,8,317,0,0,0,0,0
carry_0n,0,0,0,0,0,0,7,7,0,0,0,0,0
cat-herders_united,0,0,0,0,0,0,69,6527,0,0,0,0,0
caterasia,0,0,0,0,0,0,106,24357,0,0,0,0,0
ceptolia,0,0,0,0,0,0,8,958,0,0,0,0,0
cermerium,0,0,0,0,0,0,25,1517,0,0,0,0,0
cfcief1,0,0,0,0,0,0,23,810,0,0,0,0,0
chan_island,9,9,0,0,0,0,186,26372,0,0,0,0,180
charoskania,0,0,0,0,0,0,29,115,0,0,0,0,0
charted_wilderness,0,0,0,0,0,0,36,557,0,0,0,0,0
cheloboria,0,0,0,0,0,0,32,1266,0,0,0,0,0
chen_hai,0,0,0,0,0,0,12,350,0,0,0,0,0
chernaya_zvezda,2,6,0,0,0,0,0,0,0,0,0,0,40
chersophytes,0,0,0,0,0,0,8,1056,0,0,0,0,0
chetata,0,0,0,0,0,0,9,1913,0,0,0,0,0
chief_alpaca,0,0,0,0,0,0,6,968,0,0,0,0,0
chilledsville,0,0,0,0,0,0,159,14919,0,0,0,0,0
chimes,0,0,0,0,0,0,0,0,2,935,0,0,0
chula,141,19010,0,0,0,0,182,21230,0,0,0,0,2820
cite,0,0,0,0,0,0,6,1415,0,0,0,0,0
clanha_irinnativ_wesland,0,0,0,0,0,0,15,1124,0,0,0,0,0
coin_lands,0,0,0,0,0,0,6,63,0,0,0,0,0
comerciante,0,0,0,0,0,0,1,63,1,217,0,0,20
communist_beijing_must_be_china,0,0,0,0,0,0,12,236,0,0,0,0,0
communist_crald_islentiongarha,0,0,0,0,0,0,9,338,0,0,0,0,0
compersia,0,0,0,0,0,0,16,1068,0,0,0,0,0
con_regg_stiot,0,0,0,0,0,0,10,732,0,0,0,0,0
coniferous_forests,0,0,0,0,0,0,6,656,0,0,0,0,0
corionadania,1,5,0,0,0,0,4,16,0,0,0,0,20
craset,526,26337,0,0,0,0,33,106,2,159,0,0,10520
creeper_creeping_around,0,0,0,0,0,0,6,6,0,0,0,0,0
crisconsin,0,0,0,0,0,0,5,5,0,0,0,0,0
crowacia,0,0,0,0,0,0,32,1923,0,0,0,0,0
cuatela,0,0,0,0,0,0,7,438,0,0,0,0,0
cuillin,368,11101,0,0,0,0,167,20031,0,0,0,0,7360
culture_of_life,0,0,0,0,0,0,11,746,0,0,0,0,0
cuppie,0,0,0,0,0,0,38,7592,0,0,0,0,0
cutasion,0,0,0,0,0,0,5,57,0,0,0,0,0
cynfin,0,0,0,0,0,0,6,401,0,0,0,0,0
czechoslovakia_and_zakarpatia,3,91,0,0,0,0,49,1721,0,0,0,0,60
daarwyrth,1097,70377,0,0,0,0,144,818,0,0,0,0,21940
dakfia,0,0,0,0,0,0,2,19,0,0,0,0,0
dalek_princess,0,0,0,0,0,0,0,0,1,467,0,0,0
daniel_storm,0,0,0,0,0,0,6,21,0,0,0,0,0
danish_bacon,0,0,0,0,0,0,88,37201,0,0,0,0,0
dark_kreston,0,0,0,0,0,0,1,1,0,0,0,0,0
dasche,13,333,0,0,0,0,64,1851,0,0,0,0,260
daxtrix,0,0,0,0,0,0,1,1,0,0,0,0,0
deadcatistan,0,0,0,0,0,0,0,0,2,13,0,0,40
deads_ends,0,0,0,0,0,0,6,379,0,0,0,0,0
deciduous_forests,0,0,0,0,0,0,16,573,0,0,0,0,0
defero_emprie,0,0,0,0,0,0,50,312,0,0,0,0,0
democratic_arzordia,0,0,0,0,0,0,14,1158,0,0,0,0,0
democratic_republic_of_arztotzka,0,0,0,0,0,0,0,0,4,69,0,0,0
democratic_republic_of_cacusia,0,0,0,0,0,0,106,9002,0,0,0,0,0
democratic_united_jair_tizu_rome,0,0,0,0,0,0,8,1272,0,0,0,0,0
deontologia,50,84,0,0,0,0,58,2305,1,69,0,0,1000
dictatorialdictatoriania,0,0,0,0,0,0,5,296,4,303,0,0,80
difinbelk,0,0,0,0,0,0,4,99,0,0,0,0,0
distributist_republics,0,0,0,0,0,0,2,148,0,0,0,0,0
doa_oxcie,0,0,0,0,0,0,16,334,0,0,0,0,0
dolgavakia,0,0,0,0,0,0,3,209,0,0,0,0,0
dont_eject_this_fenda_sleeper_2,0,0,0,0,0,0,21,23,0,0,0,0,0
doom-marine,0,0,0,0,0,0,0,0,1,232,0,0,0
drastischen_nederganc,0,0,0,0,0,0,32,2027,0,0,0,0,0
dubant,0,0,0,0,0,0,7,1149,0,0,0,0,0
earth_tech,0,0,0,0,0,0,8,8,0,0,0,0,0
east_ayrirgica,0,0,0,0,0,0,6,654,0,0,0,0,0
east_cuillin,0,0,0,0,0,0,33,1822,0,0,0,0,0
east_etharia,0,0,0,0,0,0,0,0,8,392,0,0,160
east_skirsburg,0,0,0,0,0,0,17,732,0,0,0,0,0
eastern_pierdziszewo,0,0,0,0,0,0,8,2072,0,0,0,0,0
eax,15,407,0,0,0,0,98,2498,0,0,0,0,300
ebirea,0,0,0,0,0,0,15,1969,0,0,0,0,0
ecotopia,0,0,0,0,0,0,10,2319,0,0,0,0,0
edible_plywood,880,284646,0,0,0,0,124,38665,0,0,0,0,17600
eesenland,0,0,0,0,0,0,0,0,1,160,0,0,0
effazio,274,15958,0,0,0,0,131,3294,0,0,0,0,5480
eien_no_nihon,0,0,0,0,0,0,43,57,0,0,0,0,0
einswenn,343,53923,0,0,0,0,195,10733,1,919,0,0,6860
elbing,0,0,0,0,0,0,7,2026,0,0,0,0,0
elistopolo_repoungee_grenoing,0,0,0,0,0,0,5,345,0,0,0,0,0
elrussia,3,6,0,0,0,0,4,4,0,0,0,0,60
eluvataran_forests,0,0,0,0,0,0,20,109,0,0,0,0,0
endless_blue_skies,0,0,0,0,0,0,39,499,0,0,0,0,0
entitize,0,0,0,0,0,0,37,5345,0,0,0,0,0
erhnam_djinn,0,0,0,0,0,0,98,36482,0,0,0,0,0
eryndlynd,0,0,0,0,0,0,64,10193,0,0,0,0,0
eslua,0,0,0,0,0,0,11,317,0,0,0,0,0
essayer,0,0,0,0,0,0,6,335,0,0,0,0,0
esterild,0,0,0,0,0,0,109,46230,0,0,0,0,0
eternal_bele_levy_epies,0,0,0,0,0,0,42,85,0,0,0,0,0
evil_queendom,0,0,0,0,0,0,31,57,0,0,0,0,0
excleria,0,0,0,0,0,0,88,29022,0,0,0,0,0
exlroe,45,112,0,0,0,0,53,918,0,0,0,0,900
expandinia,0,0,0,0,0,0,22,22,0,0,0,0,0
extractcorp,0,0,0,0,0,0,1,9,0,0,0,0,0
ezranian_empire,0,0,0,0,0,0,58,250,0,0,0,0,0
facp,0,0,0,0,0,0,30,39,0,0,0,0,0
fad,150,1552,0,0,0,0,103,2755,0,0,0,0,3000
falconhedge,21,175,0,0,0,0,0,0,0,0,0,0,420
farae_islands,0,0,0,0,0,0,6,304,0,0,0,0,0
farindallia,0,0,0,0,0,0,5,11,2,43,0,0,40
fartruse,0,0,0,0,0,0,26,389,0,0,0,0,0
fartsniffage,1247,70133,0,0,0,0,243,42472,3,1085,0,0,24940
farzville,0,0,0,0,0,0,45,16825,0,0,0,0,0
felinetopia,0,0,0,0,0,0,10,1474,0,0,0,0,0
felis_catus,0,0,0,0,0,0,9,1898,0,0,0,0,0
felous_theneld,0,0,0,0,0,0,12,996,0,0,0,0,0
femputer,0,0,0,0,0,0,55,178,0,0,0,0,0
fereng,0,0,0,0,0,0,48,10759,0,0,0,0,0
ferenginar,0,0,0,0,0,0,18,1822,0,0,0,0,0
flarbinia,0,0,0,0,0,0,8,333,1,16,0,0,0
forest_of_fangorn,723,19911,0,0,0,0,108,2430,0,0,0,0,14460
forest_virginia,0,0,0,0,0,0,17,115,0,0,0,0,0
forestian,0,0,0,0,0,0,9,66,0,0,0,0,0
forgotten_beauty,0,0,0,0,0,0,10,2462,0,0,0,0,0
fortizendria,0,0,0,0,0,0,20,24,0,0,0,0,0
fortnite_bomb,0,0,0,0,0,0,8,8,0,0,0,0,0
free_bears_in_the_wood,0,0,0,0,0,0,145,28398,0,0,0,0,0
free_land_of_machia,0,0,0,0,0,0,12,29,0,0,0,0,0
free_market_buisnesses,0,0,0,0,0,0,1,3,6,472,0,0,100
french_albania,2,99,0,0,0,0,0,0,0,0,0,0,40
frieden-und_freudenland,0,0,0,0,0,0,129,17854,0,0,0,0,0
fryliopi,0,0,0,0,0,0,11,43,0,0,0,0,0
fud_meder_valliquinn,0,0,0,0,0,0,3,178,2,674,0,0,40
fulvous_haven,479,2914,0,0,0,0,110,2105,0,0,0,0,9580
g_sus_land,0,0,0,0,0,0,0,0,3,3,0,0,40
gaa,0,0,0,0,0,0,46,129,0,0,0,0,0
gaiara,10,22,0,0,0,0,0,0,0,0,0,0,200
galaxiak,0,0,0,0,0,0,63,86,0,0,0,0,0
gandenia,0,0,0,0,0,0,9,434,0,0,0,0,0
garbelia,95,5010,0,0,0,0,159,4329,1,215,0,0,1900
garrulity,0,0,0,0,0,0,22,77,0,0,0,0,0
gaw,121,676,0,0,0,0,94,2488,0,0,0,0,2420
gelaifa,0,0,0,0,0,0,14,613,0,0,0,0,0
genosha_the_great,0,0,0,0,0,0,5,5,0,0,0,0,0
germania_rayet,0,0,0,0,0,0,33,1348,0,0,0,0,0
gir_toritzpoldi,0,0,0,0,0,0,9,780,0,0,0,0,0
girelna,0,0,0,0,0,0,7,434,0,0,0,0,0
gironn,0,0,0,0,0,0,28,38,0,0,0,0,0
gloomy_shadows,57,2971,0,0,0,0,133,8135,0,0,0,0,1140
gloriosya,0,0,0,0,0,0,106,1343,0,0,0,0,0
goddess_macha,0,0,0,0,0,0,6,374,0,0,0,0,0
golia_pheviaia,0,0,0,0,0,0,11,651,0,0,0,0,0
good,0,0,0,0,0,0,10,2666,0,0,0,0,0
gorthias,8,16,0,0,0,0,71,27374,0,0,0,0,160
grannytown,0,0,0,0,0,0,29,162,0,0,0,0,0
gre_thesenttemer,0,0,0,0,0,0,7,505,0,0,0,0,0
great_hautbois,0,0,0,0,0,0,77,14306,0,0,0,0,0
great_hesja_empire,0,0,0,0,0,0,0,0,1,24,0,0,0
great_robertia,513,36448,0,0,0,0,116,5563,0,0,0,0,10260
greater_zeritae,1,68,0,0,0,0,0,0,0,0,0,0,20
green_arbres,0,0,0,0,0,0,12,164,0,0,0,0,0
greenbush,287,5490,0,0,0,0,27,6886,0,0,0,0,5740
greentree_islands,0,0,0,0,0,0,23,1037,0,0,0,0,0
gres_undoltion,0,0,0,0,0,0,38,139,0,0,0,0,0
greyveldt,169,1978,0,0,0,0,31,2399,0,0,0,0,3380
grimmjow_j,0,0,0,0,0,0,18,1222,0,0,0,0,0
groenwald,0,0,0,0,0,0,9,1018,0,0,0,0,0
groot-holland,0,0,0,0,0,0,36,152,0,0,0,0,0
guy,0,0,0,0,0,0,0,0,6,62,0,0,0
hamashi,0,0,0,0,0,0,14,21,0,0,0,0,0
happy_optimistic_joy_fun_time_land,0,0,0,0,0,0,54,437,0,0,0,0,0
har_lithion_bil_con,0,0,0,0,0,0,11,723,0,0,0,0,0
hardins,0,0,0,0,0,0,11,606,0,0,0,0,0
harloff_minor,0,0,0,0,0,0,34,12631,0,0,0,0,0
hazli,6,178,0,0,0,0,1,11,0,0,0,0,120
head_vicuna,0,0,0,0,0,0,7,973,0,0,0,0,0
heard_of_baby_ducks,0,0,0,0,0,0,15,2254,0,0,0,0,0
helfiuse,0,0,0,0,0,0,17,20,0,0,0,0,0
heluland,0,0,0,0,0,0,19,19,0,0,0,0,0
heronprus,0,0,0,0,0,0,0,0,3,52,0,0,60
hexalot,0,0,0,0,0,0,2,125,0,0,0,0,0
holy_dastopord,0,0,0,0,0,0,8,534,0,0,0,0,0
horatius_cocles,0,0,0,0,0,0,2,107,0,0,0,0,0
hue_manatee,581,11797,0,0,0,0,83,555,0,0,0,0,11620
huminoid_region,0,0,0,0,0,0,6,6,0,0,0,0,0
hurdergaryp,0,0,0,0,0,0,179,12438,0,0,0,0,0
hurgron,2,3,0,0,0,0,0,0,0,0,0,0,40
hyon_delta,0,0,0,0,0,0,37,3798,0,0,0,0,0
hyon_weed,0,0,0,0,0,0,21,834,0,0,0,0,0
hyrule_and_lorule,0,0,0,0,0,0,119,30698,0,0,0,0,0
i_hate_sand,0,0,0,0,0,0,0,0,12,10394,0,0,240
ichasa,0,0,0,0,0,0,20,67,0,0,0,0,0
immortal_phoenices,0,0,0,0,0,0,4,894,0,0,0,0,0
imperial_arzordia,0,0,0,0,0,0,13,726,0,0,0,0,0
imperial_koningsberg,0,0,0,0,0,0,25,43,0,0,0,0,0
imperial_stargate_command,0,0,0,0,0,0,1,1,2,19,0,0,0
imperialistic_states_of_howa,0,0,0,0,0,0,0,0,2,788,0,0,0
imperso,0,0,0,0,0,0,56,164,0,0,0,0,0
in_the_stars,0,0,0,0,0,0,23,526,0,0,0,0,0
indiaaaaaaaaaaaaaaaaa,0,0,0,0,0,0,0,0,3,3,0,0,0
indinomian,0,0,0,0,0,0,7,7,0,0,0,0,0
inner_bele_levy_epies,0,0,0,0,0,0,14,1028,0,0,0,0,0
inspector_carmelita_fox,86,4971,0,0,0,0,22,4631,0,0,0,0,1720
intersulfate,0,0,0,0,0,0,11,29,0,0,0,0,0
iphthoni,0,0,0,0,0,0,18,21,0,0,0,0,0
iron_alliance,11,362,0,0,0,0,2,14,2,54,0,0,240
ironic_remarks,336,62952,0,0,0,0,120,24035,0,0,0,0,6720
ironmonger,0,0,0,0,0,0,0,0,3,36,0,0,60
irradiated_haggis,0,0,0,0,0,0,100,37075,0,0,0,0,0
isaris,59,98,0,0,0,0,0,0,0,0,0,0,1180
isbjorn_maerenne_bava_paerani,0,0,0,0,0,0,36,7286,0,0,0,0,0
island_number_nine,0,0,0,0,0,0,8,1283,0,0,0,0,0
isle_of_manna,0,0,0,0,0,0,12,1716,0,0,0,0,0
isle_willte,0,0,0,0,0,0,7,1240,0,0,0,0,0
isowiget_malatroxi,0,0,0,0,0,0,21,49,0,0,0,0,0
isowiget_militekit,0,0,0,0,0,0,30,74,0,0,0,0,0
isowiget_phector,0,0,0,0,0,0,33,94,0,0,0,0,0
isowiget_upol,0,0,0,0,0,0,39,105,0,0,0,0,0
it-47-69,0,0,0,0,0,0,5,5,0,0,0,0,0
itswa,0,0,0,0,0,0,1,5,0,0,0,0,0
ivetnia,212,691,0,0,0,0,91,1001,0,0,0,0,4240
j-o-e,0,0,0,0,0,0,0,0,19,2624,0,0,0
jair_tizu,0,0,0,0,0,0,9,592,0,0,0,0,0
jamilkhuze,0,0,0,0,0,0,131,47991,0,0,0,0,0
jan_rayet_daurossa,0,0,0,0,0,0,6,330,0,0,0,0,0
jas_slotan_ond,0,0,0,0,0,0,6,664,0,0,0,0,0
jerbalingok,51,8426,0,0,0,0,33,3877,0,0,0,0,1020
jerongapolaria,0,0,0,0,0,0,25,28,0,0,0,0,0
jonaria,1,5,0,0,0,0,0,0,0,0,0,0,20
judyria,0,0,0,0,0,0,3,3,0,0,0,0,0
jujiva,0,0,0,0,0,0,24,33,0,0,0,0,0
justizikistan,0,0,0,0,0,0,25,33,0,0,0,0,0
jutomi,0,0,0,0,0,0,43,657,0,0,0,0,0
jutotechtonia,0,0,0,0,0,0,75,3187,0,0,0,0,0
jutsa,1162,32894,0,0,0,0,202,24922,3,404,0,0,23240
jutsil,0,0,0,0,0,0,14,53,0,0,0,0,0
jutsilona,0,0,0,0,0,0,1,1,0,0,0,0,0
jutsilonia,0,0,0,0,0,0,1,1,0,0,0,0,0
kader,0,0,0,0,0,0,11,1100,0,0,0,0,0
kaladarka,8,532,0,0,0,0,0,0,4,355,0,0,160
kalata,0,0,0,0,0,0,25,8727,0,0,0,0,0
kalban,0,0,0,0,0,0,0,0,2,809,0,0,0
kalokialroi,0,0,0,0,0,0,1,1,0,0,0,0,0
kand_silleche,0,0,0,0,0,0,5,480,0,0,0,0,0
kannap,84,5301,0,0,0,0,228,46185,7,1524,0,0,1680
kanokla_ii,0,0,0,0,0,0,0,0,3,10,0,0,60
kap03land,1,42,0,0,0,0,0,0,0,0,0,0,20
kari-sama,0,0,0,0,0,0,2,2,0,0,0,0,0
kartunesia,0,0,0,0,0,0,0,0,2,120,0,0,40
karzstov,0,0,0,0,0,0,12,1712,0,0,0,0,0
kathol_rift,0,0,0,0,0,0,2,2,1,575,0,0,0
kawastyselir,0,0,0,0,0,0,140,18416,0,0,0,0,0
kazgorovia,7,26,0,0,0,0,7,7,0,0,0,0,140
kepler-0085,0,0,0,0,0,0,47,1545,0,0,0,0,0
kholdrumvor,0,0,0,0,0,0,68,29133,0,0,0,0,0
kickassistaan,0,0,0,0,0,0,76,2881,0,0,0,0,0
kighizistan,0,0,0,0,0,0,14,391,0,0,0,0,0
kilkvo,0,0,0,0,0,0,4,258,0,0,0,0,0
krasnoyarsk-*,0,0,0,0,0,0,6057,54038,5,61,0,0,0
krasnoyarsk-1,0,0,0,0,0,0,6,330,0,0,0,0,0
krasnoyarsk-10,0,0,0,0,0,0,11,475,0,0,0,0,0
krasnoyarsk-101,0,0,0,0,0,0,6,176,0,0,0,0,0
krasnoyarsk-102,0,0,0,0,0,0,10,292,0,0,0,0,0
krasnoyarsk-103,0,0,0,0,0,0,3,48,0,0,0,0,0
krasnoyarsk-104,0,0,0,0,0,0,11,262,0,0,0,0,0
krasnoyarsk-105,0,0,0,0,0,0,4,108,0,0,0,0,0
krasnoyarsk-106,0,0,0,0,0,0,9,161,0,0,0,0,0
krasnoyarsk-107,0,0,0,0,0,0,7,206,0,0,0,0,0
krasnoyarsk-109,0,0,0,0,0,0,8,170,0,0,0,0,0
krasnoyarsk-11,0,0,0,0,0,0,8,381,0,0,0,0,0
krasnoyarsk-112,0,0,0,0,0,0,5,159,0,0,0,0,0
krasnoyarsk-113,0,0,0,0,0,0,13,207,0,0,0,0,0
krasnoyarsk-114,0,0,0,0,0,0,10,197,0,0,0,0,0
krasnoyarsk-115,0,0,0,0,0,0,11,176,0,0,0,0,0
krasnoyarsk-116,0,0,0,0,0,0,1,14,0,0,0,0,0
krasnoyarsk-117,0,0,0,0,0,0,1,15,0,0,0,0,0
krasnoyarsk-118,0,0,0,0,0,0,9,177,0,0,0,0,0
krasnoyarsk-119,0,0,0,0,0,0,4,61,0,0,0,0,0
krasnoyarsk-12,0,0,0,0,0,0,10,460,0,0,0,0,0
krasnoyarsk-120,0,0,0,0,0,0,5,76,0,0,0,0,0
krasnoyarsk-121,0,0,0,0,0,0,45,217,0,0,0,0,0
krasnoyarsk-122,0,0,0,0,0,0,41,221,0,0,0,0,0
krasnoyarsk-123,0,0,0,0,0,0,54,221,0,0,0,0,0
krasnoyarsk-124,0,0,0,0,0,0,10,10,0,0,0,0,0
krasnoyarsk-125,0,0,0,0,0,0,7,64,0,0,0,0,0
krasnoyarsk-126,0,0,0,0,0,0,7,7,0,0,0,0,0
krasnoyarsk-127,0,0,0,0,0,0,10,10,0,0,0,0,0
krasnoyarsk-128,0,0,0,0,0,0,5,5,0,0,0,0,0
krasnoyarsk-129,0,0,0,0,0,0,32,193,0,0,0,0,0
krasnoyarsk-13,0,0,0,0,0,0,8,242,0,0,0,0,0
krasnoyarsk-130,0,0,0,0,0,0,48,236,0,0,0,0,0
krasnoyarsk-131,0,0,0,0,0,0,35,213,0,0,0,0,0
krasnoyarsk-132,0,0,0,0,0,0,10,124,0,0,0,0,0
krasnoyarsk-133,0,0,0,0,0,0,10,102,0,0,0,0,0
krasnoyarsk-134,0,0,0,0,0,0,13,102,0,0,0,0,0
krasnoyarsk-135,0,0,0,0,0,0,7,86,0,0,0,0,0
krasnoyarsk-136,0,0,0,0,0,0,10,99,0,0,0,0,0
krasnoyarsk-137,0,0,0,0,0,0,7,23,0,0,0,0,0
krasnoyarsk-138,0,0,0,0,0,0,8,59,0,0,0,0,0
krasnoyarsk-14,0,0,0,0,0,0,8,448,0,0,0,0,0
krasnoyarsk-140,0,0,0,0,0,0,7,19,0,0,0,0,0
krasnoyarsk-141,0,0,0,0,0,0,13,104,0,0,0,0,0
krasnoyarsk-142,0,0,0,0,0,0,11,28,0,0,0,0,0
krasnoyarsk-143,0,0,0,0,0,0,7,18,0,0,0,0,0
krasnoyarsk-144,0,0,0,0,0,0,20,146,0,0,0,0,0
krasnoyarsk-145,0,0,0,0,0,0,23,194,0,0,0,0,0
krasnoyarsk-146,0,0,0,0,0,0,10,104,0,0,0,0,0
krasnoyarsk-147,0,0,0,0,0,0,17,121,0,0,0,0,0
krasnoyarsk-148,0,0,0,0,0,0,9,100,0,0,0,0,0
krasnoyarsk-149,0,0,0,0,0,0,11,115,0,0,0,0,0
krasnoyarsk-15,0,0,0,0,0,0,11,454,0,0,0,0,0
krasnoyarsk-150,0,0,0,0,0,0,50,226,0,0,0,0,0
krasnoyarsk-151,0,0,0,0,0,0,11,113,0,0,0,0,0
krasnoyarsk-152,0,0,0,0,0,0,19,164,0,0,0,0,0
krasnoyarsk-153,0,0,0,0,0,0,8,8,0,0,0,0,0
krasnoyarsk-154,0,0,0,0,0,0,13,94,0,0,0,0,0
krasnoyarsk-155,0,0,0,0,0,0,19,125,0,0,0,0,0
krasnoyarsk-156,0,0,0,0,0,0,9,31,0,0,0,0,0
krasnoyarsk-157,0,0,0,0,0,0,27,194,0,0,0,0,0
krasnoyarsk-158,0,0,0,0,0,0,21,183,0,0,0,0,0
krasnoyarsk-159,0,0,0,0,0,0,29,210,0,0,0,0,0
krasnoyarsk-16,0,0,0,0,0,0,7,170,0,0,0,0,0
krasnoyarsk-160,0,0,0,0,0,0,17,149,0,0,0,0,0
krasnoyarsk-161,0,0,0,0,0,0,17,139,0,0,0,0,0
krasnoyarsk-162,0,0,0,0,0,0,21,152,0,0,0,0,0
krasnoyarsk-163,0,0,0,0,0,0,10,123,0,0,0,0,0
krasnoyarsk-164,0,0,0,0,0,0,38,199,0,0,0,0,0
krasnoyarsk-165,0,0,0,0,0,0,11,51,0,0,0,0,0
krasnoyarsk-166,0,0,0,0,0,0,12,122,0,0,0,0,0
krasnoyarsk-167,0,0,0,0,0,0,23,172,0,0,0,0,0
krasnoyarsk-168,0,0,0,0,0,0,13,97,0,0,0,0,0
krasnoyarsk-169,0,0,0,0,0,0,11,25,0,0,0,0,0
krasnoyarsk-17,0,0,0,0,0,0,21,605,0,0,0,0,0
krasnoyarsk-170,0,0,0,0,0,0,11,104,0,0,0,0,0
krasnoyarsk-171,0,0,0,0,0,0,10,117,0,0,0,0,0
krasnoyarsk-172,0,0,0,0,0,0,16,136,0,0,0,0,0
krasnoyarsk-173,0,0,0,0,0,0,8,31,0,0,0,0,0
krasnoyarsk-174,0,0,0,0,0,0,14,83,0,0,0,0,0
krasnoyarsk-175,0,0,0,0,0,0,20,169,0,0,0,0,0
krasnoyarsk-176,0,0,0,0,0,0,13,73,0,0,0,0,0
krasnoyarsk-177,0,0,0,0,0,0,20,149,0,0,0,0,0
krasnoyarsk-178,0,0,0,0,0,0,9,104,0,0,0,0,0
krasnoyarsk-179,0,0,0,0,0,0,30,168,0,0,0,0,0
krasnoyarsk-18,0,0,0,0,0,0,6,245,0,0,0,0,0
krasnoyarsk-180,0,0,0,0,0,0,12,109,0,0,0,0,0
krasnoyarsk-181,0,0,0,0,0,0,16,121,0,0,0,0,0
krasnoyarsk-182,0,0,0,0,0,0,12,93,0,0,0,0,0
krasnoyarsk-183,0,0,0,0,0,0,11,72,0,0,0,0,0
krasnoyarsk-184,0,0,0,0,0,0,13,119,0,0,0,0,0
krasnoyarsk-185,0,0,0,0,0,0,13,91,0,0,0,0,0
krasnoyarsk-186,0,0,0,0,0,0,11,105,0,0,0,0,0
krasnoyarsk-187,0,0,0,0,0,0,12,102,0,0,0,0,0
krasnoyarsk-188,0,0,0,0,0,0,10,10,0,0,0,0,0
krasnoyarsk-189,0,0,0,0,0,0,11,110,0,0,0,0,0
krasnoyarsk-19,0,0,0,0,0,0,5,293,0,0,0,0,0
krasnoyarsk-190,0,0,0,0,0,0,42,192,0,0,0,0,0
krasnoyarsk-191,0,0,0,0,0,0,13,106,0,0,0,0,0
krasnoyarsk-192,0,0,0,0,0,0,10,10,0,0,0,0,0
krasnoyarsk-193,0,0,0,0,0,0,8,37,0,0,0,0,0
krasnoyarsk-194,0,0,0,0,0,0,7,16,0,0,0,0,0
krasnoyarsk-195,0,0,0,0,0,0,11,29,0,0,0,0,0
krasnoyarsk-196,0,0,0,0,0,0,7,16,0,0,0,0,0
krasnoyarsk-197,0,0,0,0,0,0,17,134,0,0,0,0,0
krasnoyarsk-198,0,0,0,0,0,0,10,134,0,0,0,0,0
krasnoyarsk-199,0,0,0,0,0,0,14,157,0,0,0,0,0
krasnoyarsk-2,0,0,0,0,0,0,19,1929,0,0,0,0,0
krasnoyarsk-20,0,0,0,0,0,0,21,623,0,0,0,0,0
krasnoyarsk-200,0,0,0,0,0,0,26,193,0,0,0,0,0
krasnoyarsk-201,0,0,0,0,0,0,9,37,0,0,0,0,0
krasnoyarsk-202,0,0,0,0,0,0,23,178,0,0,0,0,0
krasnoyarsk-203,0,0,0,0,0,0,23,178,0,0,0,0,0
krasnoyarsk-204,0,0,0,0,0,0,21,143,0,0,0,0,0
krasnoyarsk-205,0,0,0,0,0,0,16,100,0,0,0,0,0
krasnoyarsk-206,0,0,0,0,0,0,15,94,0,0,0,0,0
krasnoyarsk-207,0,0,0,0,0,0,17,156,0,0,0,0,0
krasnoyarsk-208,0,0,0,0,0,0,15,109,0,0,0,0,0
krasnoyarsk-209,0,0,0,0,0,0,11,57,0,0,0,0,0
krasnoyarsk-21,0,0,0,0,0,0,14,518,0,0,0,0,0
krasnoyarsk-210,0,0,0,0,0,0,16,88,0,0,0,0,0
krasnoyarsk-212,0,0,0,0,0,0,1,32,0,0,0,0,0
krasnoyarsk-213,0,0,0,0,0,0,11,181,0,0,0,0,0
krasnoyarsk-214,0,0,0,0,0,0,6,99,0,0,0,0,0
krasnoyarsk-215,0,0,0,0,0,0,1,29,0,0,0,0,0
krasnoyarsk-216,0,0,0,0,0,0,5,114,0,0,0,0,0
krasnoyarsk-217,0,0,0,0,0,0,14,110,0,0,0,0,0
krasnoyarsk-218,0,0,0,0,0,0,11,27,0,0,0,0,0
krasnoyarsk-219,0,0,0,0,0,0,12,96,0,0,0,0,0
krasnoyarsk-22,0,0,0,0,0,0,6,281,0,0,0,0,0
krasnoyarsk-220,0,0,0,0,0,0,36,173,0,0,0,0,0
krasnoyarsk-221,0,0,0,0,0,0,9,36,0,0,0,0,0
krasnoyarsk-222,0,0,0,0,0,0,27,185,0,0,0,0,0
krasnoyarsk-223,0,0,0,0,0,0,8,38,0,0,0,0,0
krasnoyarsk-224,0,0,0,0,0,0,19,153,0,0,0,0,0
krasnoyarsk-225,0,0,0,0,0,0,41,176,0,0,0,0,0
krasnoyarsk-226,0,0,0,0,0,0,8,43,0,0,0,0,0
krasnoyarsk-227,0,0,0,0,0,0,12,93,0,0,0,0,0
krasnoyarsk-228,0,0,0,0,0,0,11,88,0,0,0,0,0
krasnoyarsk-229,0,0,0,0,0,0,9,43,0,0,0,0,0
krasnoyarsk-23,0,0,0,0,0,0,8,530,0,0,0,0,0
krasnoyarsk-230,0,0,0,0,0,0,8,41,0,0,0,0,0
krasnoyarsk-231,0,0,0,0,0,0,17,101,0,0,0,0,0
krasnoyarsk-232,0,0,0,0,0,0,11,53,0,0,0,0,0
krasnoyarsk-233,0,0,0,0,0,0,8,37,0,0,0,0,0
krasnoyarsk-234,0,0,0,0,0,0,9,35,0,0,0,0,0
krasnoyarsk-235,0,0,0,0,0,0,42,173,0,0,0,0,0
krasnoyarsk-236,0,0,0,0,0,0,12,90,0,0,0,0,0
krasnoyarsk-237,0,0,0,0,0,0,13,78,0,0,0,0,0
krasnoyarsk-238,0,0,0,0,0,0,13,88,0,0,0,0,0
krasnoyarsk-239,0,0,0,0,0,0,11,78,0,0,0,0,0
krasnoyarsk-24,0,0,0,0,0,0,22,1847,0,0,0,0,0
krasnoyarsk-240,0,0,0,0,0,0,9,45,0,0,0,0,0
krasnoyarsk-241,0,0,0,0,0,0,30,193,0,0,0,0,0
krasnoyarsk-242,0,0,0,0,0,0,20,130,0,0,0,0,0
krasnoyarsk-243,0,0,0,0,0,0,19,162,0,0,0,0,0
krasnoyarsk-244,0,0,0,0,0,0,16,97,0,0,0,0,0
krasnoyarsk-245,0,0,0,0,0,0,13,85,0,0,0,0,0
krasnoyarsk-246,0,0,0,0,0,0,15,89,0,0,0,0,0
krasnoyarsk-247,0,0,0,0,0,0,25,168,0,0,0,0,0
krasnoyarsk-248,0,0,0,0,0,0,13,88,0,0,0,0,0
krasnoyarsk-249,0,0,0,0,0,0,19,113,0,0,0,0,0
krasnoyarsk-25,0,0,0,0,0,0,11,492,0,0,0,0,0
krasnoyarsk-250,0,0,0,0,0,0,46,172,0,0,0,0,0
krasnoyarsk-251,0,0,0,0,0,0,16,81,0,0,0,0,0
krasnoyarsk-252,0,0,0,0,0,0,16,83,0,0,0,0,0
krasnoyarsk-253,0,0,0,0,0,0,48,181,0,0,0,0,0
krasnoyarsk-254,0,0,0,0,0,0,15,81,0,0,0,0,0
krasnoyarsk-255,0,0,0,0,0,0,20,100,0,0,0,0,0
krasnoyarsk-256,0,0,0,0,0,0,36,159,0,0,0,0,0
krasnoyarsk-257,0,0,0,0,0,0,16,78,0,0,0,0,0
krasnoyarsk-258,0,0,0,0,0,0,18,121,0,0,0,0,0
krasnoyarsk-259,0,0,0,0,0,0,15,76,0,0,0,0,0
krasnoyarsk-26,0,0,0,0,0,0,27,3427,0,0,0,0,0
krasnoyarsk-260,0,0,0,0,0,0,22,136,0,0,0,0,0
krasnoyarsk-261,0,0,0,0,0,0,17,84,0,0,0,0,0
krasnoyarsk-263,0,0,0,0,0,0,1,1,0,0,0,0,0
krasnoyarsk-264,0,0,0,0,0,0,1,1,0,0,0,0,0
krasnoyarsk-265,0,0,0,0,0,0,1,1,0,0,0,0,0
krasnoyarsk-266,0,0,0,0,0,0,3,14,0,0,0,0,0
krasnoyarsk-267,0,0,0,0,0,0,1,1,0,0,0,0,0
krasnoyarsk-268,0,0,0,0,0,0,2,2,0,0,0,0,0
krasnoyarsk-269,0,0,0,0,0,0,15,59,0,0,0,0,0
krasnoyarsk-27,0,0,0,0,0,0,4,112,0,0,0,0,0
krasnoyarsk-270,0,0,0,0,0,0,3,3,0,0,0,0,0
krasnoyarsk-272,0,0,0,0,0,0,4,4,0,0,0,0,0
krasnoyarsk-273,0,0,0,0,0,0,24,108,0,0,0,0,0
krasnoyarsk-274,0,0,0,0,0,0,2,12,0,0,0,0,0
krasnoyarsk-275,0,0,0,0,0,0,2,24,0,0,0,0,0
krasnoyarsk-276,0,0,0,0,0,0,19,89,0,0,0,0,0
krasnoyarsk-277,0,0,0,0,0,0,21,102,0,0,0,0,0
krasnoyarsk-278,0,0,0,0,0,0,3,3,0,0,0,0,0
krasnoyarsk-279,0,0,0,0,0,0,3,3,0,0,0,0,0
krasnoyarsk-28,0,0,0,0,0,0,8,348,0,0,0,0,0
krasnoyarsk-280,0,0,0,0,0,0,2,2,0,0,0,0,0
krasnoyarsk-281,0,0,0,0,0,0,3,3,0,0,0,0,0
krasnoyarsk-282,0,0,0,0,0,0,3,3,0,0,0,0,0
krasnoyarsk-283,0,0,0,0,0,0,1,1,0,0,0,0,0
krasnoyarsk-285,0,0,0,0,0,0,1,1,0,0,0,0,0
krasnoyarsk-286,0,0,0,0,0,0,3,3,0,0,0,0,0
krasnoyarsk-287,0,0,0,0,0,0,3,3,0,0,0,0,0
krasnoyarsk-288,0,0,0,0,0,0,3,3,0,0,0,0,0
krasnoyarsk-289,0,0,0,0,0,0,3,3,0,0,0,0,0
krasnoyarsk-290,0,0,0,0,0,0,2,11,0,0,0,0,0
krasnoyarsk-291,0,0,0,0,0,0,7,7,0,0,0,0,0
krasnoyarsk-292,0,0,0,0,0,0,15,52,0,0,0,0,0
krasnoyarsk-293,0,0,0,0,0,0,1,1,0,0,0,0,0
krasnoyarsk-294,0,0,0,0,0,0,1,1,0,0,0,0,0
krasnoyarsk-296,0,0,0,0,0,0,6,6,0,0,0,0,0
krasnoyarsk-297,0,0,0,0,0,0,4,4,0,0,0,0,0
krasnoyarsk-298,0,0,0,0,0,0,1,1,0,0,0,0,0
krasnoyarsk-299,0,0,0,0,0,0,4,4,0,0,0,0,0
krasnoyarsk-3,0,0,0,0,0,0,12,534,0,0,0,0,0
krasnoyarsk-30,0,0,0,0,0,0,2,98,0,0,0,0,0
krasnoyarsk-300,0,0,0,0,0,0,36,121,0,0,0,0,0
krasnoyarsk-301,0,0,0,0,0,0,3,3,0,0,0,0,0
krasnoyarsk-302,0,0,0,0,0,0,1,1,0,0,0,0,0
krasnoyarsk-303,0,0,0,0,0,0,3,3,0,0,0,0,0
krasnoyarsk-304,0,0,0,0,0,0,1,1,0,0,0,0,0
krasnoyarsk-305,0,0,0,0,0,0,1,1,0,0,0,0,0
krasnoyarsk-306,0,0,0,0,0,0,3,3,0,0,0,0,0
krasnoyarsk-307,0,0,0,0,0,0,3,3,0,0,0,0,0
krasnoyarsk-308,0,0,0,0,0,0,2,2,0,0,0,0,0
krasnoyarsk-309,0,0,0,0,0,0,26,106,0,0,0,0,0
krasnoyarsk-31,0,0,0,0,0,0,8,153,0,0,0,0,0
krasnoyarsk-310,0,0,0,0,0,0,3,25,0,0,0,0,0
krasnoyarsk-311,0,0,0,0,0,0,12,56,0,0,0,0,0
krasnoyarsk-312,0,0,0,0,0,0,1,17,0,0,0,0,0
krasnoyarsk-313,0,0,0,0,0,0,1,11,0,0,0,0,0
krasnoyarsk-314,0,0,0,0,0,0,10,39,0,0,0,0,0
krasnoyarsk-315,0,0,0,0,0,0,2,2,0,0,0,0,0
krasnoyarsk-316,0,0,0,0,0,0,7,7,0,0,0,0,0
krasnoyarsk-317,0,0,0,0,0,0,10,43,0,0,0,0,0
krasnoyarsk-318,0,0,0,0,0,0,1,1,0,0,0,0,0
krasnoyarsk-319,0,0,0,0,0,0,2,2,0,0,0,0,0
krasnoyarsk-32,0,0,0,0,0,0,6,119,0,0,0,0,0
krasnoyarsk-320,0,0,0,0,0,0,4,4,0,0,0,0,0
krasnoyarsk-321,0,0,0,0,0,0,2,2,0,0,0,0,0
krasnoyarsk-322,0,0,0,0,0,0,1,1,0,0,0,0,0
krasnoyarsk-323,0,0,0,0,0,0,1,14,0,0,0,0,0
krasnoyarsk-325,0,0,0,0,0,0,1,1,0,0,0,0,0
krasnoyarsk-326,0,0,0,0,0,0,2,2,0,0,0,0,0
krasnoyarsk-327,0,0,0,0,0,0,1,1,0,0,0,0,0
krasnoyarsk-328,0,0,0,0,0,0,2,2,0,0,0,0,0
krasnoyarsk-329,0,0,0,0,0,0,2,2,0,0,0,0,0
krasnoyarsk-330,0,0,0,0,0,0,42,124,0,0,0,0,0
krasnoyarsk-331,0,0,0,0,0,0,3,3,0,0,0,0,0
krasnoyarsk-332,0,0,0,0,0,0,25,124,0,0,0,0,0
krasnoyarsk-333,0,0,0,0,0,0,1,16,0,0,0,0,0
krasnoyarsk-334,0,0,0,0,0,0,2,2,0,0,0,0,0
krasnoyarsk-335,0,0,0,0,0,0,10,31,0,0,0,0,0
krasnoyarsk-336,0,0,0,0,0,0,11,41,0,0,0,0,0
krasnoyarsk-337,0,0,0,0,0,0,1,13,0,0,0,0,0
krasnoyarsk-338,0,0,0,0,0,0,3,11,0,0,0,0,0
krasnoyarsk-339,0,0,0,0,0,0,2,7,0,0,0,0,0
krasnoyarsk-340,0,0,0,0,0,0,4,18,0,0,0,0,0
krasnoyarsk-341,0,0,0,0,0,0,3,15,0,0,0,0,0
krasnoyarsk-342,0,0,0,0,0,0,43,75,0,0,0,0,0
krasnoyarsk-343,0,0,0,0,0,0,1,1,0,0,0,0,0
krasnoyarsk-344,0,0,0,0,0,0,6,6,0,0,0,0,0
krasnoyarsk-345,0,0,0,0,0,0,8,8,0,0,0,0,0
krasnoyarsk-346,0,0,0,0,0,0,9,9,0,0,0,0,0
krasnoyarsk-347,0,0,0,0,0,0,16,47,0,0,0,0,0
krasnoyarsk-348,0,0,0,0,0,0,16,46,0,0,0,0,0
krasnoyarsk-349,0,0,0,0,0,0,3,3,0,0,0,0,0
krasnoyarsk-350,0,0,0,0,0,0,3,3,0,0,0,0,0
krasnoyarsk-351,0,0,0,0,0,0,3,3,0,0,0,0,0
krasnoyarsk-352,0,0,0,0,0,0,7,7,0,0,0,0,0
krasnoyarsk-353,0,0,0,0,0,0,2,2,0,0,0,0,0
krasnoyarsk-354,0,0,0,0,0,0,17,46,0,0,0,0,0
krasnoyarsk-355,0,0,0,0,0,0,8,8,0,0,0,0,0
krasnoyarsk-356,0,0,0,0,0,0,3,3,0,0,0,0,0
krasnoyarsk-357,0,0,0,0,0,0,18,47,0,0,0,0,0
krasnoyarsk-358,0,0,0,0,0,0,16,47,0,0,0,0,0
krasnoyarsk-359,0,0,0,0,0,0,3,3,0,0,0,0,0
krasnoyarsk-36,0,0,0,0,0,0,3,133,0,0,0,0,0
krasnoyarsk-360,0,0,0,0,0,0,27,71,0,0,0,0,0
krasnoyarsk-361,0,0,0,0,0,0,2,2,0,0,0,0,0
krasnoyarsk-362,0,0,0,0,0,0,1,1,0,0,0,0,0
krasnoyarsk-363,0,0,0,0,0,0,2,2,0,0,0,0,0
krasnoyarsk-364,0,0,0,0,0,0,2,2,0,0,0,0,0
krasnoyarsk-365,0,0,0,0,0,0,1,1,0,0,0,0,0
krasnoyarsk-366,0,0,0,0,0,0,1,1,0,0,0,0,0
krasnoyarsk-367,0,0,0,0,0,0,3,3,0,0,0,0,0
krasnoyarsk-368,0,0,0,0,0,0,1,1,0,0,0,0,0
krasnoyarsk-369,0,0,0,0,0,0,16,46,0,0,0,0,0
krasnoyarsk-370,0,0,0,0,0,0,1,1,0,0,0,0,0
krasnoyarsk-371,0,0,0,0,0,0,16,43,0,0,0,0,0
krasnoyarsk-372,0,0,0,0,0,0,6,6,0,0,0,0,0
krasnoyarsk-373,0,0,0,0,0,0,1,1,0,0,0,0,0
krasnoyarsk-374,0,0,0,0,0,0,1,11,0,0,0,0,0
krasnoyarsk-376,0,0,0,0,0,0,3,3,0,0,0,0,0
krasnoyarsk-377,0,0,0,0,0,0,2,8,0,0,0,0,0
krasnoyarsk-378,0,0,0,0,0,0,1,1,0,0,0,0,0
krasnoyarsk-379,0,0,0,0,0,0,17,47,0,0,0,0,0
krasnoyarsk-380,0,0,0,0,0,0,1,14,0,0,0,0,0
krasnoyarsk-381,0,0,0,0,0,0,2,2,0,0,0,0,0
krasnoyarsk-383,0,0,0,0,0,0,2,2,0,0,0,0,0
krasnoyarsk-384,0,0,0,0,0,0,1,1,0,0,0,0,0
krasnoyarsk-385,0,0,0,0,0,0,9,9,0,0,0,0,0
krasnoyarsk-386,0,0,0,0,0,0,2,2,0,0,0,0,0
krasnoyarsk-387,0,0,0,0,0,0,4,4,0,0,0,0,0
krasnoyarsk-388,0,0,0,0,0,0,4,20,0,0,0,0,0
krasnoyarsk-389,0,0,0,0,0,0,4,4,0,0,0,0,0
krasnoyarsk-390,0,0,0,0,0,0,2,13,0,0,0,0,0
krasnoyarsk-391,0,0,0,0,0,0,3,3,0,0,0,0,0
krasnoyarsk-392,0,0,0,0,0,0,4,4,0,0,0,0,0
krasnoyarsk-393,0,0,0,0,0,0,30,88,0,0,0,0,0
krasnoyarsk-394,0,0,0,0,0,0,9,9,0,0,0,0,0
krasnoyarsk-395,0,0,0,0,0,0,16,84,0,0,0,0,0
krasnoyarsk-396,0,0,0,0,0,0,10,10,0,0,0,0,0
krasnoyarsk-397,0,0,0,0,0,0,11,11,0,0,0,0,0
krasnoyarsk-398,0,0,0,0,0,0,7,7,0,0,0,0,0
krasnoyarsk-399,0,0,0,0,0,0,9,9,0,0,0,0,0
krasnoyarsk-4,0,0,0,0,0,0,15,1003,0,0,0,0,0
krasnoyarsk-40,0,0,0,0,0,0,25,286,0,0,0,0,0
krasnoyarsk-400,0,0,0,0,0,0,24,79,0,0,0,0,0
krasnoyarsk-401,0,0,0,0,0,0,2,2,0,0,0,0,0
krasnoyarsk-402,0,0,0,0,0,0,8,8,0,0,0,0,0
krasnoyarsk-403,0,0,0,0,0,0,27,126,0,0,0,0,0
krasnoyarsk-404,0,0,0,0,0,0,9,52,0,0,0,0,0
krasnoyarsk-405,0,0,0,0,0,0,4,48,0,0,0,0,0
krasnoyarsk-406,0,0,0,0,0,0,5,31,0,0,0,0,0
krasnoyarsk-407,0,0,0,0,0,0,28,124,0,0,0,0,0
krasnoyarsk-408,0,0,0,0,0,0,18,65,0,0,0,0,0
krasnoyarsk-409,0,0,0,0,0,0,18,65,0,0,0,0,0
krasnoyarsk-410,0,0,0,0,0,0,7,52,0,0,0,0,0
krasnoyarsk-411,0,0,0,0,0,0,47,118,0,0,0,0,0
krasnoyarsk-412,0,0,0,0,0,0,27,87,0,0,0,0,0
krasnoyarsk-413,0,0,0,0,0,0,8,51,0,0,0,0,0
krasnoyarsk-414,0,0,0,0,0,0,19,64,0,0,0,0,0
krasnoyarsk-415,0,0,0,0,0,0,29,92,0,0,0,0,0
krasnoyarsk-416,0,0,0,0,0,0,32,95,0,0,0,0,0
krasnoyarsk-417,0,0,0,0,0,0,21,69,0,0,0,0,0
krasnoyarsk-418,0,0,0,0,0,0,8,48,0,0,0,0,0
krasnoyarsk-419,0,0,0,0,0,0,45,120,0,0,0,0,0
krasnoyarsk-42,0,0,0,0,0,0,8,222,0,0,0,0,0
krasnoyarsk-420,0,0,0,0,0,0,5,42,0,0,0,0,0
krasnoyarsk-421,0,0,0,0,0,0,9,53,0,0,0,0,0
krasnoyarsk-422,0,0,0,0,0,0,32,105,0,0,0,0,0
krasnoyarsk-423,0,0,0,0,0,0,27,115,0,0,0,0,0
krasnoyarsk-424,0,0,0,0,0,0,2,14,0,0,0,0,0
krasnoyarsk-425,0,0,0,0,0,0,2,15,0,0,0,0,0
krasnoyarsk-426,0,0,0,0,0,0,2,18,0,0,0,0,0
krasnoyarsk-428,0,0,0,0,0,0,9,24,0,0,0,0,0
krasnoyarsk-429,0,0,0,0,0,0,2,20,0,0,0,0,0
krasnoyarsk-430,0,0,0,0,0,0,2,12,0,0,0,0,0
krasnoyarsk-431,0,0,0,0,0,0,2,14,0,0,0,0,0
krasnoyarsk-432,0,0,0,0,0,0,2,14,0,0,0,0,0
krasnoyarsk-433,0,0,0,0,0,0,2,13,0,0,0,0,0
krasnoyarsk-434,0,0,0,0,0,0,12,12,0,0,0,0,0
krasnoyarsk-435,0,0,0,0,0,0,34,91,0,0,0,0,0
krasnoyarsk-436,0,0,0,0,0,0,6,33,0,0,0,0,0
krasnoyarsk-437,0,0,0,0,0,0,10,10,0,0,0,0,0
krasnoyarsk-438,0,0,0,0,0,0,36,85,0,0,0,0,0
krasnoyarsk-439,0,0,0,0,0,0,22,28,0,0,0,0,0
krasnoyarsk-44,0,0,0,0,0,0,8,198,0,0,0,0,0
krasnoyarsk-440,0,0,0,0,0,0,11,26,0,0,0,0,0
krasnoyarsk-441,0,0,0,0,0,0,15,56,0,0,0,0,0
krasnoyarsk-442,0,0,0,0,0,0,25,84,0,0,0,0,0
krasnoyarsk-443,0,0,0,0,0,0,15,20,0,0,0,0,0
krasnoyarsk-444,0,0,0,0,0,0,20,50,0,0,0,0,0
krasnoyarsk-445,0,0,0,0,0,0,2,11,0,0,0,0,0
krasnoyarsk-446,0,0,0,0,0,0,23,28,0,0,0,0,0
krasnoyarsk-447,0,0,0,0,0,0,22,25,0,0,0,0,0
krasnoyarsk-448,0,0,0,0,0,0,3,14,0,0,0,0,0
krasnoyarsk-449,0,0,0,0,0,0,15,17,0,0,0,0,0
krasnoyarsk-45,0,0,0,0,0,0,13,403,0,0,0,0,0
krasnoyarsk-450,0,0,0,0,0,0,11,41,0,0,0,0,0
krasnoyarsk-451,0,0,0,0,0,0,3,14,0,0,0,0,0
krasnoyarsk-452,0,0,0,0,0,0,13,13,0,0,0,0,0
krasnoyarsk-453,0,0,0,0,0,0,5,47,0,0,0,0,0
krasnoyarsk-454,0,0,0,0,0,0,13,13,0,0,0,0,0
krasnoyarsk-455,0,0,0,0,0,0,23,50,0,0,0,0,0
krasnoyarsk-456,0,0,0,0,0,0,11,19,0,0,0,0,0
krasnoyarsk-457,0,0,0,0,0,0,6,38,0,0,0,0,0
krasnoyarsk-458,0,0,0,0,0,0,3,31,0,0,0,0,0
krasnoyarsk-459,0,0,0,0,0,0,17,23,0,0,0,0,0
krasnoyarsk-46,0,0,0,0,0,0,9,216,0,0,0,0,0
krasnoyarsk-460,0,0,0,0,0,0,15,20,0,0,0,0,0
krasnoyarsk-461,0,0,0,0,0,0,13,17,0,0,0,0,0
krasnoyarsk-462,0,0,0,0,0,0,9,56,0,0,0,0,0
krasnoyarsk-463,0,0,0,0,0,0,2,13,0,0,0,0,0
krasnoyarsk-464,0,0,0,0,0,0,3,18,0,0,0,0,0
krasnoyarsk-465,0,0,0,0,0,0,10,53,0,0,0,0,0
krasnoyarsk-466,0,0,0,0,0,0,12,18,0,0,0,0,0
krasnoyarsk-467,0,0,0,0,0,0,10,18,0,0,0,0,0
krasnoyarsk-468,0,0,0,0,0,0,2,17,0,0,0,0,0
krasnoyarsk-469,0,0,0,0,0,0,3,16,0,0,0,0,0
krasnoyarsk-470,0,0,0,0,0,0,2,22,0,0,0,0,0
krasnoyarsk-471,0,0,0,0,0,0,8,37,0,0,0,0,0
krasnoyarsk-472,0,0,0,0,0,0,8,46,0,0,0,0,0
krasnoyarsk-473,0,0,0,0,0,0,11,44,0,0,0,0,0
krasnoyarsk-474,0,0,0,0,0,0,23,86,0,0,0,0,0
krasnoyarsk-476,0,0,0,0,0,0,8,50,0,0,0,0,0
krasnoyarsk-477,0,0,0,0,0,0,9,49,0,0,0,0,0
krasnoyarsk-478,0,0,0,0,0,0,34,95,0,0,0,0,0
krasnoyarsk-479,0,0,0,0,0,0,47,119,0,0,0,0,0
krasnoyarsk-48,0,0,0,0,0,0,4,238,0,0,0,0,0
krasnoyarsk-480,0,0,0,0,0,0,6,37,0,0,0,0,0
krasnoyarsk-481,0,0,0,0,0,0,9,38,0,0,0,0,0
krasnoyarsk-482,0,0,0,0,0,0,35,87,0,0,0,0,0
krasnoyarsk-483,0,0,0,0,0,0,10,34,0,0,0,0,0
krasnoyarsk-484,0,0,0,0,0,0,8,41,0,0,0,0,0
krasnoyarsk-485,0,0,0,0,0,0,8,35,0,0,0,0,0
krasnoyarsk-486,0,0,0,0,0,0,5,15,0,0,0,0,0
krasnoyarsk-487,0,0,0,0,0,0,18,68,0,0,0,0,0
krasnoyarsk-488,0,0,0,0,0,0,34,370,2,48,0,0,0
krasnoyarsk-489,0,0,0,0,0,0,21,68,0,0,0,0,0
krasnoyarsk-490,0,0,0,0,0,0,3,15,0,0,0,0,0
krasnoyarsk-491,0,0,0,0,0,0,10,52,0,0,0,0,0
krasnoyarsk-492,0,0,0,0,0,0,3,13,0,0,0,0,0
krasnoyarsk-493,0,0,0,0,0,0,30,78,0,0,0,0,0
krasnoyarsk-494,0,0,0,0,0,0,7,45,0,0,0,0,0
krasnoyarsk-495,0,0,0,0,0,0,19,35,0,0,0,0,0
krasnoyarsk-496,0,0,0,0,0,0,10,30,0,0,0,0,0
krasnoyarsk-497,0,0,0,0,0,0,6,34,0,0,0,0,0
krasnoyarsk-498,0,0,0,0,0,0,7,28,0,0,0,0,0
krasnoyarsk-499,0,0,0,0,0,0,33,89,0,0,0,0,0
krasnoyarsk-5,0,0,0,0,0,0,16,1657,0,0,0,0,0
krasnoyarsk-500,0,0,0,0,0,0,9,51,0,0,0,0,0
krasnoyarsk-501,0,0,0,0,0,0,6,6,0,0,0,0,0
krasnoyarsk-502,0,0,0,0,0,0,11,21,0,0,0,0,0
krasnoyarsk-503,0,0,0,0,0,0,9,19,0,0,0,0,0
krasnoyarsk-504,0,0,0,0,0,0,9,19,0,0,0,0,0
krasnoyarsk-505,0,0,0,0,0,0,7,12,0,0,0,0,0
krasnoyarsk-506,0,0,0,0,0,0,7,7,0,0,0,0,0
krasnoyarsk-507,0,0,0,0,0,0,10,20,0,0,0,0,0
krasnoyarsk-509,0,0,0,0,0,0,11,21,0,0,0,0,0
krasnoyarsk-51,0,0,0,0,0,0,23,412,0,0,0,0,0
krasnoyarsk-511,0,0,0,0,0,0,9,16,0,0,0,0,0
krasnoyarsk-512,0,0,0,0,0,0,10,13,0,0,0,0,0
krasnoyarsk-513,0,0,0,0,0,0,9,21,0,0,0,0,0
krasnoyarsk-514,0,0,0,0,0,0,6,12,0,0,0,0,0
krasnoyarsk-516,0,0,0,0,0,0,13,20,0,0,0,0,0
krasnoyarsk-517,0,0,0,0,0,0,11,17,0,0,0,0,0
krasnoyarsk-518,0,0,0,0,0,0,9,18,0,0,0,0,0
krasnoyarsk-519,0,0,0,0,0,0,14,21,0,0,0,0,0
krasnoyarsk-52,0,0,0,0,0,0,17,322,0,0,0,0,0
krasnoyarsk-520,0,0,0,0,0,0,36,40,0,0,0,0,0
krasnoyarsk-521,0,0,0,0,0,0,33,37,0,0,0,0,0
krasnoyarsk-522,0,0,0,0,0,0,32,36,0,0,0,0,0
krasnoyarsk-523,0,0,0,0,0,0,25,29,0,0,0,0,0
krasnoyarsk-524,0,0,0,0,0,0,25,33,0,0,0,0,0
krasnoyarsk-525,0,0,0,0,0,0,5,5,0,0,0,0,0
krasnoyarsk-526,0,0,0,0,0,0,23,26,0,0,0,0,0
krasnoyarsk-527,0,0,0,0,0,0,22,32,0,0,0,0,0
krasnoyarsk-529,0,0,0,0,0,0,28,30,0,0,0,0,0
krasnoyarsk-530,0,0,0,0,0,0,13,22,0,0,0,0,0
krasnoyarsk-531,0,0,0,0,0,0,30,34,0,0,0,0,0
krasnoyarsk-532,0,0,0,0,0,0,22,26,0,0,0,0,0
krasnoyarsk-533,0,0,0,0,0,0,14,18,0,0,0,0,0
krasnoyarsk-536,0,0,0,0,0,0,27,39,0,0,0,0,0
krasnoyarsk-538,0,0,0,0,0,0,11,22,0,0,0,0,0
krasnoyarsk-539,0,0,0,0,0,0,2,2,0,0,0,0,0
krasnoyarsk-541,0,0,0,0,0,0,9,17,0,0,0,0,0
krasnoyarsk-543,0,0,0,0,0,0,30,36,0,0,0,0,0
krasnoyarsk-546,0,0,0,0,0,0,19,29,0,0,0,0,0
krasnoyarsk-559,0,0,0,0,0,0,28,39,0,0,0,0,0
krasnoyarsk-56,0,0,0,0,0,0,17,311,0,0,0,0,0
krasnoyarsk-562,0,0,0,0,0,0,18,24,0,0,0,0,0
krasnoyarsk-6,0,0,0,0,0,0,7,289,0,0,0,0,0
krasnoyarsk-60,0,0,0,0,0,0,2,64,0,0,0,0,0
krasnoyarsk-62,0,0,0,0,0,0,1,1,0,0,0,0,0
krasnoyarsk-63,0,0,0,0,0,0,72,497,2,6,0,0,0
krasnoyarsk-64,0,0,0,0,0,0,9,169,0,0,0,0,0
krasnoyarsk-65,0,0,0,0,0,0,7,142,0,0,0,0,0
krasnoyarsk-66,0,0,0,0,0,0,11,246,0,0,0,0,0
krasnoyarsk-67,0,0,0,0,0,0,1,39,0,0,0,0,0
krasnoyarsk-68,0,0,0,0,0,0,12,215,0,0,0,0,0
krasnoyarsk-69,0,0,0,0,0,0,22,885,1,7,0,0,0
krasnoyarsk-7,0,0,0,0,0,0,4,392,0,0,0,0,0
krasnoyarsk-73,0,0,0,0,0,0,14,292,0,0,0,0,0
krasnoyarsk-74,0,0,0,0,0,0,4,58,0,0,0,0,0
krasnoyarsk-76,0,0,0,0,0,0,9,192,0,0,0,0,0
krasnoyarsk-79,0,0,0,0,0,0,11,304,0,0,0,0,0
krasnoyarsk-8,0,0,0,0,0,0,12,564,0,0,0,0,0
krasnoyarsk-80,0,0,0,0,0,0,9,167,0,0,0,0,0
krasnoyarsk-83,0,0,0,0,0,0,9,167,0,0,0,0,0
krasnoyarsk-84,0,0,0,0,0,0,3,63,0,0,0,0,0
krasnoyarsk-86,0,0,0,0,0,0,1,40,0,0,0,0,0
krasnoyarsk-87,0,0,0,0,0,0,2,69,0,0,0,0,0
krasnoyarsk-89,0,0,0,0,0,0,5,88,0,0,0,0,0
krasnoyarsk-9,0,0,0,0,0,0,14,1702,0,0,0,0,0
krasnoyarsk-90,0,0,0,0,0,0,1,1,0,0,0,0,0
krasnoyarsk-91,0,0,0,0,0,0,11,216,0,0,0,0,0
krasnoyarsk-95,0,0,0,0,0,0,21,149,0,0,0,0,0
krasnoyarsk-96,0,0,0,0,0,0,17,293,0,0,0,0,0
krasnoyarsk-97,0,0,0,0,0,0,10,249,0,0,0,0,0
krasnoyarsk-98,0,0,0,0,0,0,19,273,0,0,0,0,0
krasnoyarsk-99,0,0,0,0,0,0,57,474,0,0,0,0,0
krinzaka,0,0,0,0,0,0,4,4,0,0,0,0,0
krusavich,205,3501,0,0,0,0,7,1598,0,0,0,0,4100
kryansk,9,246,0,0,0,0,1,32,0,0,0,0,180
kylesylvania,0,0,0,0,0,0,4,224,0,0,0,0,0
kylo_ren,0,0,0,0,0,0,65,13461,0,0,0,0,0
kyratistani,0,0,0,0,0,0,37,9662,0,0,0,0,0
land_of_a_million_environmentalists,0,0,0,0,0,0,8,1405,0,0,0,0,0
lauch_war_puppet_1,0,0,0,0,0,0,2,64,0,0,0,0,0
leonism,20,901,0,0,0,0,0,0,0,0,0,0,400
lesbian_pirates_from_outer_space,0,0,0,0,0,0,0,0,4,48,0,0,0
liberal_liberals,0,0,0,0,0,0,414,60258,15,8578,0,0,0
litauengrad,0,0,0,0,0,0,24,1247,0,0,0,0,0
little_orcs_burarum,0,0,0,0,0,0,7,349,0,0,0,0,0
llu,151,1720,0,0,0,0,115,2785,0,0,0,0,3020
lompe_steen_haha,0,0,0,0,0,0,181,30756,0,0,0,0,0
love_and_nature,720,24252,0,0,0,0,166,1704,0,0,0,0,14400
loveday,86,10987,0,0,0,0,65,5207,0,0,0,0,1720
lower_sel_hous_ath,0,0,0,0,0,0,7,612,0,0,0,0,0
loxim,0,0,0,0,0,0,1,1,0,0,0,0,0
luddite_environmentalists,0,0,0,0,0,0,10,203,0,0,0,0,0
luddite_environmentals,0,0,0,0,0,0,13,163,0,0,0,0,0
luna_state,0,0,0,0,0,0,2,231,0,0,0,0,0
lunheizria,0,0,0,0,0,0,0,0,1,6,0,0,0
lura,1771,66744,0,0,0,0,124,3786,1,28,0,0,35420
luso-topia,0,0,0,0,0,0,43,128,1,27,0,0,20
lutheran_commonwealth,0,0,0,0,0,0,7,239,0,0,0,0,0
luvas,381,61571,0,0,0,0,116,8153,1,89,0,0,7640
luxundi,0,0,0,0,0,0,12,111,0,0,0,0,0
mad_citizens,6,597,0,0,0,0,118,13658,0,0,0,0,120
magnitudos,0,0,0,0,0,0,7,7,0,0,0,0,0
malafoxtria,0,0,0,0,0,0,1,1,0,0,0,0,0
malkima,0,0,0,0,0,0,8,11,0,0,0,0,0
manniskoslaktet,0,0,0,0,0,0,17,1722,0,0,0,0,0
mansfield_park,0,0,0,0,0,0,7,1494,0,0,0,0,0
maricarland,499,4437,0,0,0,0,85,557,0,0,0,0,9980
marimoland,0,0,0,0,0,0,11,3130,0,0,0,0,0
marshmallow_land,0,0,0,0,0,0,13,87,0,0,0,0,0
marxmeans,1,94,0,0,0,0,0,0,0,0,0,0,20
maverique,71,784,0,0,0,0,85,185,1,405,0,0,1420
max_siotto,0,0,0,0,0,0,0,0,3,3,0,0,0
maxtrolpolia,0,0,0,0,0,0,6,11,0,0,0,0,0
mayo_and_other_condiments,0,0,0,0,0,0,1,1,0,0,0,0,0
mcclandia_doge_2,0,0,0,0,0,0,16,303,0,0,0,0,0
me,0,0,0,0,0,0,5,408,0,0,0,0,0
medma,0,0,0,0,0,0,17,19,0,0,0,0,0
merchantopia,0,0,0,0,0,0,6,8,0,0,0,0,0
mercuriana,0,0,0,0,0,0,7,1007,0,0,0,0,0
mexica_valley,0,0,0,0,0,0,0,0,5,159,0,0,100
michaeliland,0,0,0,0,0,0,0,0,1,106,0,0,20
midas_sande_realm,8,8,0,0,0,0,6,6,0,0,0,0,160
middle_barael,0,0,0,0,0,0,142,4942,0,0,0,0,0
middlemidden,0,0,0,0,0,0,9,1484,0,0,0,0,0
miltil,70,1072,0,0,0,0,163,3517,23,1087,0,0,1540
ming_intordia,0,0,0,0,0,0,11,844,0,0,0,0,0
mini_thembria,0,0,0,0,0,0,15,2390,0,0,0,0,0
minstrels,0,0,0,0,0,0,0,0,6,62,0,0,120
miralis_1,0,0,0,0,0,0,1,195,0,0,0,0,0
miranorte,0,0,0,0,0,0,42,114,0,0,0,0,0
miskunn_systursins,1758,371434,0,0,0,0,110,17091,1,296,0,0,35180
mobs_chir_imple,0,0,0,0,0,0,5,601,0,0,0,0,0
moftan,0,0,0,0,0,0,1,6,0,0,0,0,0
moonmoonland,0,0,0,0,0,0,33,40,0,0,0,0,0
moralizing_gardeners,0,0,0,0,0,0,7,556,0,0,0,0,0
mortvivant,0,0,0,0,0,0,9,1684,0,0,0,0,0
mount_seymour,0,0,0,0,0,0,89,16442,0,0,0,0,0
mowte,0,0,0,0,0,0,88,1855,0,0,0,0,0
mozfel,0,0,0,0,0,0,2,2,0,0,0,0,0
mozolephies,0,0,0,0,0,0,22,1174,0,0,0,0,0
mozworld,1097,312963,0,0,0,0,236,22174,3,137,0,0,21940
mtwara,0,0,0,0,0,0,3,407,0,0,0,0,0
murmuria,0,0,0,0,0,0,98,39271,0,0,0,0,0
mushlikchi,0,0,0,0,0,0,26,27,0,0,0,0,0
muskegon_lumberjacks,0,0,0,0,0,0,10,207,0,0,0,0,0
muspellheim,1,80,0,0,0,0,0,0,0,0,0,0,20
myordas,0,0,0,0,0,0,16,2210,0,0,0,0,0
mystery7,0,0,0,0,0,0,2,53,0,0,0,0,0
myuria,0,0,0,0,0,0,6,12,0,0,0,0,0
naclia,0,0,0,0,0,0,16,1199,0,0,0,0,0
naivetry,1,1,0,0,0,0,0,0,0,0,0,0,20
nation_of_ecologists,0,0,0,0,0,0,19,456,0,0,0,0,0
navorob,0,0,0,0,0,0,5,5,0,0,0,0,0
nazi_flower_power,0,0,0,0,0,0,100,35753,1,296,0,0,0
ne_wou_tei,0,0,0,0,0,0,12,76,0,0,0,0,0
neazland,0,0,0,0,0,0,32,52,0,0,0,0,0
nebolshiye_khizhiny,0,0,0,0,0,0,43,10702,0,0,0,0,0
nebulanisain,0,0,0,0,0,0,7,7,0,0,0,0,0
neim,1,1,0,0,0,0,12,12,0,0,0,0,20
neiwecemkeie,0,0,0,0,0,0,30,5212,0,0,0,0,0
neo-kolaxa,0,0,0,0,0,0,93,38631,0,0,0,0,0
new_autarky,0,0,0,0,0,0,4,154,0,0,0,0,0
new_bele_levy_epies,0,0,0,0,0,0,6,439,0,0,0,0,0
new_dolgaria,0,0,0,0,0,0,4,372,0,0,0,0,0
new_exarcheia,2,2,0,0,0,0,0,0,0,0,0,0,40
new_federal_germany,0,0,0,0,0,0,13,112,0,0,0,0,0
new_internationalists,0,0,0,0,0,0,168,25422,0,0,0,0,0
new_ladavia,0,0,0,0,0,0,9,2255,0,0,0,0,0
new_latin_locality,0,0,0,0,0,0,48,136,0,0,0,0,0
new_rizuetharitedestomed,0,0,0,0,0,0,0,0,31,997,0,0,620
new_rogernomics,15,367,0,0,0,0,4,45,0,0,0,0,300
new_scorpiland,1,1,0,0,0,0,48,202,10,15,0,0,60
newer_neim,29,29,0,0,0,0,1,1,0,0,0,0,580
newkazakhby,0,0,0,0,0,0,8,8,1,28,0,0,0
nicese,0,0,0,0,0,0,38,108,0,0,0,0,0
nimros,0,0,0,0,0,0,57,14451,0,0,0,0,0
nixers,137,137,0,0,0,0,0,0,0,0,0,0,2740
noble_dg,0,0,0,0,0,0,22,1559,0,0,0,0,0
nonus_the_hobo,0,0,0,0,0,0,102,14573,0,0,0,0,0
noob1234noob,0,0,0,0,0,0,0,0,2,2,0,0,0
norddeutschland,0,0,0,0,0,0,45,152,0,0,0,0,0
nornheim,15,15,0,0,0,0,0,0,0,0,0,0,300
north_aurelia,0,0,0,0,0,0,0,0,4,1922,0,0,80
north_doyooni,55,430,0,0,0,0,41,2701,0,0,0,0,1100
north_hatchston,0,0,0,0,0,0,6,126,0,0,0,0,0
north_kand_egat,0,0,0,0,0,0,11,766,0,0,0,0,0
north_pacific_spy,0,0,0,0,0,0,17,10297,4,7208,0,0,80
northern_irish_freedom,0,0,0,0,0,0,0,0,2,2,0,0,40
northern_wood,0,0,0,0,0,0,15,1261,0,0,0,0,0
nothing_special_just_a_founder_test,0,0,0,0,0,0,8,8,0,0,0,0,0
nouvelle-floride,3,92,0,0,0,0,0,0,0,0,0,0,60
nova_rosa,1,1,0,0,0,0,46,121,0,0,0,0,20
novian_republics,0,0,0,0,0,0,36,3691,0,0,0,0,0
novian_self-defence_forces,0,0,0,0,0,0,8,838,0,0,0,0,0
novoblupolia,0,0,0,0,0,0,3,29,0,0,0,0,0
noxcie,0,0,0,0,0,0,1,1,0,0,0,0,0
ns_island_nation,0,0,0,0,0,0,4,33,0,0,0,0,0
nullifidian,0,0,0,0,0,0,7,1345,0,0,0,0,0
nydaymos,8,152,0,0,0,0,0,0,0,0,0,0,160
obsessed_with_1984,0,0,0,0,0,0,8,12,0,0,0,0,0
obvile_kiatopia,50,183,0,0,0,0,12,207,0,0,0,0,1000
octlantis,0,0,0,0,0,0,9,448,0,0,0,0,0
octopus_islands,0,0,0,0,0,0,60,5321,0,0,0,0,0
oipenta,0,0,0,0,0,0,13,2028,0,0,0,0,0
old_hope,0,0,0,0,0,0,58,19640,4,5903,0,0,60
orang-utang,0,0,0,0,0,0,5,574,0,0,0,0,0
ordand,0,0,0,0,0,0,36,2527,0,0,0,0,0
our_lego_city,0,0,0,0,0,0,2,2,0,0,0,0,0
outer_bele_levy_epies,0,0,0,0,0,0,6,1023,0,0,0,0,0
outer_birdland,0,0,0,0,0,0,17,1534,0,0,0,0,0
ownzone,966,161107,0,0,0,0,129,18822,0,0,0,0,19320
paleozoica,0,0,0,0,0,0,8,3208,0,0,0,0,0
palopialoi,0,0,0,0,0,0,1,1,0,0,0,0,0
parc_blundell,0,0,0,0,0,0,4,259,0,0,0,0,0
pen_blanityion,0,0,0,0,0,0,9,755,0,0,0,0,0
penguinmattland,0,0,0,0,0,0,28,7016,0,0,0,0,0
peppa_pigs_playhouse,0,0,0,0,0,0,21,102,0,0,0,0,0
pesto_alla_genovese,0,0,0,0,0,0,136,22312,0,0,0,0,0
philosopy,0,0,0,0,0,0,2,553,0,0,0,0,0
placelandtopia,0,0,0,0,0,0,40,397,0,0,0,0,0
politolio,0,0,0,0,0,0,0,0,2,157,0,0,40
porg_easka,0,0,0,0,0,0,6,971,0,0,0,0,0
portugal_verde,0,0,0,0,0,0,11,11,0,0,0,0,0
pourpre_haven,475,2802,0,0,0,0,125,2167,0,0,0,0,9500
pridelantic_people,3,6,0,0,0,0,0,0,0,0,0,0,60
proforestation,357,25087,0,0,0,0,124,2671,20,1290,0,0,7140
prongeroes,0,0,0,0,0,0,1,14,0,0,0,0,0
pseudomonarchy_demonum,1,166,0,0,0,0,0,0,0,0,0,0,20
puppetato0485,0,0,0,0,0,0,29,667,0,0,0,0,0
puppetato0486,0,0,0,0,0,0,2,35,0,0,0,0,0
puppetato0487,0,0,0,0,0,0,12,195,0,0,0,0,0
puppetato0488,0,0,0,0,0,0,20,528,0,0,0,0,0
puppetato0489,0,0,0,0,0,0,11,361,0,0,0,0,0
puppetato0490,0,0,0,0,0,0,22,235,0,0,0,0,0
puppetato0491,0,0,0,0,0,0,22,263,0,0,0,0,0
puppetato0492,0,0,0,0,0,0,14,326,0,0,0,0,0
puppetato0493,0,0,0,0,0,0,2,29,0,0,0,0,0
puppetato0494,0,0,0,0,0,0,21,165,0,0,0,0,0
puppetato0495,0,0,0,0,0,0,2,21,0,0,0,0,0
puppetato0496,0,0,0,0,0,0,4,79,0,0,0,0,0
puppetato0497,0,0,0,0,0,0,9,200,0,0,0,0,0
puppetato0498,0,0,0,0,0,0,1,20,0,0,0,0,0
puppetato0499,0,0,0,0,0,0,70,540,0,0,0,0,0
puppetato0500,0,0,0,0,0,0,9,171,0,0,0,0,0
pure_eternall_sadness,0,0,0,0,0,0,0,0,5,173,0,0,100
pythaga,0,0,0,0,0,0,10,286,0,0,0,0,0
qalouddode,0,0,0,0,0,0,60,523,0,0,0,0,0
quazian_nations,2,2,0,0,0,0,0,0,0,0,0,0,40
queen_valeria,0,0,0,0,0,0,67,705,0,0,0,0,0
quinsonnia,0,0,0,0,0,0,0,0,2,207,0,0,40
raccoon_creek,49,49,0,0,0,0,6,22,5,12,0,0,1080
radicalania,0,0,0,0,0,0,3,91,0,0,0,0,0
raghallaigh,0,0,0,0,0,0,109,9563,0,0,0,0,0
rakavo,0,0,0,0,0,0,15,1195,0,0,0,0,0
ransium,0,0,0,0,0,0,339,47320,7,5903,0,0,0
ravens_nation,0,0,0,0,0,0,68,14674,0,0,0,0,0
razorwire,1,21,0,0,0,0,0,0,0,0,0,0,20
reannia,0,0,0,0,0,0,33,10255,0,0,0,0,0
red_monez,4,166,0,0,0,0,0,0,1,144,0,0,80
redwood_wood_wood,0,0,0,0,0,0,51,10455,0,0,0,0,0
region_sitter,0,0,0,0,0,0,0,0,2,32,0,0,40
regional_cartographer_office,0,0,0,0,0,0,13,1318,0,0,0,0,0
republik_hintonia,42,65,0,0,0,0,49,1304,2,43,0,0,840
rettt,4,33,0,0,0,0,18,35,12,136,0,0,80
rhodevus,173,4255,0,0,0,0,175,17651,2,56,0,0,3460
rijenja,919,29459,0,0,0,0,130,2542,0,0,0,0,18380
rio_real,0,0,0,0,0,0,13,228,0,0,0,0,0
risposta_finita,0,0,0,0,0,0,31,309,0,0,0,0,0
riusland,0,0,0,0,0,0,17,770,0,0,0,0,0
rivienland,0,0,0,0,0,0,6,1266,0,0,0,0,0
rivierenland,0,0,0,0,0,0,17,2136,0,0,0,0,0
rixonn,0,0,0,0,0,0,16,21,0,0,0,0,0
rodiakand,0,0,0,0,0,0,11,224,0,0,0,0,0
roless,1178,138051,0,0,0,0,135,3349,3,51,0,0,23560
roless_city,0,0,0,0,0,0,8,46,0,0,0,0,0
ronoc2,0,0,0,0,0,0,0,0,6,557,0,0,120
ronoc3,0,0,0,0,0,0,0,0,6,503,0,0,120
ronoc4,0,0,0,0,0,0,0,0,7,549,0,0,140
ronoc5,0,0,0,0,0,0,0,0,5,375,0,0,100
ronoco,0,0,0,0,0,0,0,0,5,548,0,0,100
rubian_empire,0,0,0,0,0,0,0,0,1,27,0,0,0
ruinenlust,855,139733,0,0,0,0,431,6173,8,1532,0,0,17100
rumrogers,0,0,0,0,0,0,1,3,0,0,0,0,0
rushkaville,5,317,0,0,0,0,2,7,0,0,0,0,100
ruskyborneo,0,0,0,0,0,0,2,3,0,0,0,0,0
russet_haven,474,4213,0,0,0,0,144,2226,0,0,0,0,9480
rybnika,0,0,0,0,0,0,15,463,3,6,0,0,0
sable_haven,471,3040,0,0,0,0,129,2103,0,0,0,0,9420
sah_won_winterionis,0,0,0,0,0,0,8,543,0,0,0,0,0
saint_bono,1,102,0,0,0,0,0,0,0,0,0,0,20
saint_dolmance,0,0,0,0,0,0,18,615,0,0,0,0,0
sakiruna,0,0,0,0,0,0,5,5,0,0,0,0,0
sana_the_forest_sister,0,0,0,0,0,0,30,68,0,0,0,0,0
santa_joanna,0,0,0,0,0,0,214,31144,0,0,0,0,0
santichushari,0,0,0,0,0,0,49,155,0,0,0,0,0
sap_crames,0,0,0,0,0,0,2,4,0,0,0,0,0
sapnu_puas,0,0,0,0,0,0,22,7202,0,0,0,0,0
sarbed_havionia,0,0,0,0,0,0,5,455,0,0,0,0,0
saris_ston_thes,0,0,0,0,0,0,9,595,0,0,0,0,0
sarmattia,17,123,0,0,0,0,13,13,0,0,0,0,340
sarwyn,56,1069,0,0,0,0,21,31,0,0,0,0,1120
scarlet_grove,0,0,0,0,0,0,80,21670,0,0,0,0,0
seagull,0,0,0,0,0,0,6,1648,0,0,0,0,0
sean_fiobha,0,0,0,0,0,0,41,90,0,0,0,0,0
sederth_neufr,0,0,0,0,0,0,12,733,0,0,0,0,0
sekll,0,0,0,0,0,0,25,27,0,0,0,0,0
seltilouje,0,0,0,0,0,0,50,403,0,0,0,0,0
seonhan,375,31729,0,0,0,0,149,1837,0,0,0,0,7500
serendipita,0,0,0,0,0,0,10,386,23,2281,0,0,460
shalotte,0,0,0,0,0,0,105,34639,0,0,0,0,0
shauls,0,0,0,0,0,0,7,454,0,0,0,0,0
shimerta,0,0,0,0,0,0,6,1572,0,0,0,0,0
shinrogia,0,0,0,0,0,0,25,8275,0,0,0,0,0
shpligltopia,0,0,0,0,0,0,16,20,0,0,0,0,0
shrapn,0,0,0,0,0,0,16,33,0,0,0,0,0
shwe_tu_colony,327,14276,0,0,0,0,85,11954,0,0,0,0,6540
silver_birch,0,0,0,0,0,0,48,12156,0,0,0,0,0
silverbird_amaria,3,11,0,0,0,0,110,3648,1,197,0,0,60
simbolon,0,0,0,0,0,0,22,987,0,0,0,0,0
siottoan_russia,0,0,0,0,0,0,1,1,23,33,0,0,380
sir_cumberbun_of_gloucester,293,13940,0,0,0,0,122,14131,0,0,0,0,5860
skyneria,0,0,0,0,0,0,143,32719,0,0,0,0,0
slavokstan,103,3381,0,0,0,0,95,2508,0,0,0,0,2060
slychyine,0,0,0,0,0,0,61,6743,0,0,0,0,0
social_democratic_korean_council,0,0,0,0,0,0,6,1384,0,0,0,0,0
socialist_crald_islentiongarha,0,0,0,0,0,0,9,681,0,0,0,0,0
socialist_heronia_t-3,0,0,0,0,0,0,0,0,1,37,0,0,0
solovigrad,0,0,0,0,0,0,1,1,0,0,0,0,0
solyanna,0,0,0,0,0,0,0,0,2,756,0,0,0
sommermanland,0,0,0,0,0,0,27,578,0,0,0,0,0
sonsater,0,0,0,0,0,0,1,5,0,0,0,0,0
soron_remnants,0,0,0,0,0,0,0,0,5,6,0,0,0
soruzet,0,0,0,0,0,0,11,278,0,0,0,0,0
south_doyooni,2,17,0,0,0,0,19,19,0,0,0,0,40
south_his_majestys_most_loyal_kangaroos,0,0,0,0,0,0,38,6888,0,0,0,0,0
south_kand_egat,0,0,0,0,0,0,10,664,0,0,0,0,0
southwestern_ethiopia,0,0,0,0,0,0,3,6,0,0,0,0,0
spathland,0,0,0,0,0,0,15,85,0,0,0,0,0
speep_cati,0,0,0,0,0,0,4,7,0,0,0,0,0
starstream_tribe,0,0,0,0,0,0,54,13336,0,0,0,0,0
steroj,0,0,0,0,0,0,0,0,3,3,0,0,60
stonkerstan,0,0,0,0,0,0,33,342,4,48,0,0,80
stralla,0,0,0,0,0,0,8,503,0,0,0,0,0
stroznia,0,0,0,0,0,0,62,21782,0,0,0,0,0
struvizand,503,1215,0,0,0,0,0,0,0,0,0,0,10060
sudonea,0,0,0,0,0,0,7,327,0,0,0,0,0
summerforest,0,0,0,0,0,0,42,308,0,0,0,0,0
suricate_island,3,7,0,0,0,0,60,577,5,246,0,0,60
sussy_bakaa,0,0,0,0,0,0,4,4,0,0,0,0,0
suwarbtoubleichlandia,0,0,0,0,0,0,15,455,0,0,0,0,0
svengas,0,0,0,0,0,0,0,0,2,95,0,0,0
swordbreak,0,0,0,0,0,0,0,0,1,206,0,0,0
synthsis,17,1486,0,0,0,0,0,0,0,0,0,0,340
syvani,0,0,0,0,0,0,8,1188,0,0,0,0,0
taco_respublic,149,13153,0,0,0,0,141,39302,0,0,0,0,2980
tajela,0,0,0,0,0,0,64,511,0,0,0,0,0
talabaptha,0,0,0,0,0,0,21,28,0,0,0,0,0
talbot_settlement,0,0,0,0,0,0,9,228,0,0,0,0,0
task_force_z,123,16006,0,0,0,0,96,12698,0,0,0,0,2460
taurgur,0,0,0,0,0,0,7,2553,0,0,0,0,0
tayami,0,0,0,0,0,0,1,62,0,0,0,0,0
tazann,0,0,0,0,0,0,1,2,0,0,0,0,0
teraticus,0,0,0,0,0,0,154,45288,0,0,0,0,0
teren_mabry,0,0,0,0,0,0,1,2,0,0,0,0,0
terrabod,663,22250,0,0,0,0,158,7379,0,0,0,0,13260
tethys_13,0,0,0,0,0,0,0,0,3,164,0,0,60
texian_nature_reserve,0,0,0,0,0,0,7,658,0,0,0,0,0
that_card,0,0,0,0,0,0,4,195,0,0,0,0,0
the_78_states,0,0,0,0,0,0,1,1,0,0,0,0,0
the_aurum_isles,0,0,0,0,0,0,51,8631,3,36,0,0,0
the_autonomous_booba_republic,0,0,0,0,0,0,14,201,0,0,0,0,0
the_bats,0,0,0,0,0,0,54,11843,0,0,0,0,0
the_best_nation_in_the_world,0,0,0,0,0,0,8,1677,0,0,0,0,0
the_black_forrest,0,0,0,0,0,0,518,56732,12,11607,0,0,0
the_blackcat_isles,0,0,0,0,0,0,26,197,0,0,0,0,0
the_brink_of_extinction,0,0,0,0,0,0,6,392,0,0,0,0,0
the_campbell_nation,22,1537,0,0,0,0,239,73410,5,1471,0,0,440
the_cienordia,3,3,0,0,0,0,60,63,23,127,0,0,180
the_colony_of_cossack_peoples,0,0,0,0,0,0,0,0,1,4,0,0,0
the_cypher_nine,27,1961,0,0,0,0,135,23601,0,0,0,0,540
the_dragon_and_the_wolf,0,0,0,0,0,0,9,2276,0,0,0,0,0
the_earldom_of_fallsbury,0,0,0,0,0,0,0,0,1,121,0,0,0
the_environmental_green_nation,0,0,0,0,0,0,2,4,0,0,0,0,0
the_federated_states_of_amogus,0,0,0,0,0,0,55,115,0,0,0,0,0
the_final_conglomerated_order,3,3,0,0,0,0,30,3699,0,0,0,0,60
the_first_congratulatory_union,2,4,0,0,0,0,18,2735,0,0,0,0,40
the_forest_army,0,0,0,0,0,0,5,96,0,0,0,0,0
the_gallant_old_republic,0,0,0,0,0,0,4,268,0,0,0,0,0
the_gelseen_hegemony,3,288,0,0,0,0,2,61,0,0,0,0,60
the_greenlandic_north,0,0,0,0,0,0,0,0,1,231,0,0,0
the_highest_council_of_ricks,0,0,0,0,0,0,0,0,1,728,0,0,0
the_kingdom_of_massimiliano_luigi,38,38,0,0,0,0,29,36,18,43,0,0,1040
the_most_serene_republicans,254,4742,0,0,0,0,57,893,0,0,0,0,5080
the_moths,0,0,0,0,0,0,177,27583,0,0,0,0,0
the_nationstates_community,0,0,0,0,0,0,216,16452,0,0,0,0,0
the_native_band_of_gauren,0,0,0,0,0,0,4,4,0,0,0,0,0
the_new_bluestocking_homeland,0,0,0,0,0,0,71,20121,0,0,0,0,0
the_new_california_republic,0,0,0,0,0,0,1,26,1,9,0,0,0
the_new_dynasty,0,0,0,0,0,0,66,156,0,0,0,0,0
the_oracai_templar_order,0,0,0,0,0,0,10,1191,0,0,0,0,0
the_order_of_malah,0,0,0,0,0,0,8,380,0,0,0,0,0
the_ozischt,0,0,0,0,0,0,5,5,0,0,0,0,0
the_peoples_collective_republic,47,1164,0,0,0,0,107,10297,36,131,0,0,1640
the_perikian_peninsula,0,0,0,0,0,0,92,32447,0,0,0,0,0
the_red_country,0,0,0,0,0,0,4,4,0,0,0,0,0
the_republic_of_confertia,0,0,0,0,0,0,4,49,0,0,0,0,0
the_rhein_states,0,0,0,0,0,0,60,1252,0,0,0,0,0
the_rouge_christmas_state,0,0,0,0,0,0,3,174,0,0,0,0,0
the_southern_acre,0,0,0,0,0,0,1,132,0,0,0,0,0
the_stalinist_union,0,0,0,0,0,0,0,0,1,528,0,0,0
the_teeth,0,0,0,0,0,0,13,317,0,0,0,0,0
the_victonian_league,980,526400,0,0,0,0,52,8791,1,451,0,0,19600
the_void_territories,760,2663,0,0,0,0,47,6607,0,0,0,0,15200
the_yash-el,0,0,0,0,0,0,40,14613,0,0,0,0,0
theennerla_island,0,0,0,0,0,0,14,2802,0,0,0,0,0
theist,0,0,0,0,0,0,18,1814,0,0,0,0,0
thembria,0,0,0,0,0,0,14,2317,0,0,0,0,0
ther_aryia_odeat_earku,0,0,0,0,0,0,7,406,0,0,0,0,0
thethanksgiving_turkey,0,0,0,0,0,0,8,635,0,0,0,0,0
thomathyinsideofit,0,0,0,0,0,0,1,7,36,131,0,0,20
thomura,0,0,0,0,0,0,2,203,0,0,0,0,0
thorares,0,0,0,0,0,0,23,111,0,0,0,0,0
thorvel,0,0,0,0,0,0,114,21953,0,0,0,0,0
thrything,0,0,0,0,0,0,12,90,0,0,0,0,0
tildalandia,0,0,0,0,0,0,10,1050,0,0,0,0,0
tiplomecja,0,0,0,0,0,0,0,0,14,184,0,0,280
tlord,1,1,0,0,0,0,14,1079,0,0,0,0,20
tolfaer,6,28,0,0,0,0,1,15,0,0,0,0,120
top_guanaco,0,0,0,0,0,0,8,991,0,0,0,0,0
toronto_trump_tower,0,0,0,0,0,0,1,1,0,0,0,0,0
torresiskstan,0,0,0,0,0,0,0,0,7,3416,0,0,140
tra_xen_petyordia,0,0,0,0,0,0,66,1414,0,0,0,0,0
tranacht_bluegin,0,0,0,0,0,0,4,393,0,0,0,0,0
transluxia,0,0,0,0,0,0,4,124,0,0,0,0,0
treadwellia,0,0,0,0,0,0,1,22,0,0,0,0,0
treeroot,0,0,0,0,0,0,46,77,0,0,0,0,0
trizza,0,0,0,0,0,0,3,3,0,0,0,0,0
trolling_country,0,0,0,0,0,0,0,0,1,197,0,0,20
tropical_oceania,8,42,0,0,0,0,54,326,0,0,0,0,160
truspenturni,0,0,0,0,0,0,29,105,0,0,0,0,0
tscharva,0,0,0,0,0,0,45,1009,0,0,0,0,0
tuilipophicz,0,0,0,0,0,0,27,450,0,0,0,0,0
tumblr_imperialists,0,0,0,0,0,0,103,27191,0,0,0,0,0
turanic_confederation,0,0,0,0,0,0,0,0,1,1,0,0,0
turbeaux,0,0,0,0,0,0,79,4339,0,0,0,0,0
turtlesturtlesturtles,0,0,0,0,0,0,39,9854,0,0,0,0,0
tzericanopia,0,0,0,0,0,0,10,654,0,0,0,0,0
uan_aa_boa,1003,281614,0,0,0,0,134,10168,3,1963,0,0,20060
ubrotechnia,0,0,0,0,0,0,34,393,0,0,0,0,0
uchila_eru,0,0,0,0,0,0,105,44811,0,0,0,0,0
uiiop,0,0,0,0,0,0,108,39977,1,17,0,0,0
uncharted_wilderness,0,0,0,0,0,0,20,1144,0,0,0,0,0
unia_cointordland,0,0,0,0,0,0,12,894,0,0,0,0,0
unia_kelar,0,0,0,0,0,0,7,532,0,0,0,0,0
uniania_geeth,0,0,0,0,0,0,44,7593,0,0,0,0,0
unified_localities,0,0,0,0,0,0,27,27,0,0,0,0,0
united_almastopentalarskyth,0,0,0,0,0,0,9,716,0,0,0,0,0
united_cius_eronn,0,0,0,0,0,0,4,335,0,0,0,0,0
united_dou_fre_ryu,0,0,0,0,0,0,5,504,0,0,0,0,0
united_states_34,0,0,0,0,0,0,3,4,0,0,0,0,0
united_states_of_the_soviet_republics,364,20305,0,0,0,0,115,23152,28,4211,0,0,7280
universal_utopian_state,0,0,0,0,0,0,1,126,0,0,0,0,0
upol_oxcie,0,0,0,0,0,0,22,421,0,0,0,0,0
upper_sel_hous_ath,0,0,0,0,0,0,7,501,0,0,0,0,0
utopia_beach,0,0,0,0,0,0,1,146,3,1005,0,0,60
valenverio,0,0,0,0,0,0,117,34558,0,0,0,0,0
valieon,0,0,0,0,0,0,15,1958,0,0,0,0,0
valliquinnian_sdf,0,0,0,0,0,0,35,104,0,0,0,0,0
velkia_and_the_islands,0,0,0,0,0,0,136,51219,0,0,0,0,0
verdant_haven,610,10212,0,0,0,0,247,14940,0,0,0,0,12200
victoriaans_nederlands,0,0,0,0,0,0,27,8512,0,0,0,0,0
viencia,0,0,0,0,0,0,15,730,0,0,0,0,0
vincente_pinzon,0,0,0,0,0,0,8,2155,0,0,0,0,0
volksrealm,183,528,0,0,0,0,16,706,0,0,0,0,3660
vostokslavia,0,0,0,0,0,0,1,158,0,0,0,0,0
vuoto_amore,0,0,0,0,0,0,169,17484,0,0,0,0,0
waffeln_mit_speck,0,0,0,0,0,0,17,215,0,0,0,0,0
walker_technologies_incorporated,0,0,0,0,0,0,47,161,0,0,0,0,0
wantevolo,0,0,0,0,0,0,31,2403,0,0,0,0,0
warden,0,0,0,0,0,0,2,168,0,0,0,0,0
warlock_and_wizard,0,0,0,0,0,0,48,82,3,7,0,0,0
wauldby_scrogs,0,0,0,0,0,0,71,22350,0,0,0,0,0
wayneactia,0,0,0,0,0,0,0,0,2,743,0,0,0
weirdthing_3,0,0,0,0,0,0,0,0,2,16,0,0,40
wernher_magnus_maximilian_von_braun,0,0,0,0,0,0,14,1340,0,0,0,0,0
west_ayrirgica,0,0,0,0,0,0,50,4631,0,0,0,0,0
west_cuillin,0,0,0,0,0,0,30,1751,0,0,0,0,0
wild_panther,0,0,0,0,0,0,18,202,0,0,0,0,0
window_land,2373,144018,0,0,0,0,101,7747,3,760,0,0,47480
winnipesaukee,0,0,0,0,0,0,13,532,0,0,0,0,0
wintertopia,11,11,0,0,0,0,0,0,0,0,0,0,220
wizardonia,0,0,0,0,0,0,79,35182,0,0,0,0,0
woodfall_swamp,0,0,0,0,0,0,123,55753,0,0,0,0,0
woolitania,0,0,0,0,0,0,185,45252,1,1287,0,0,0
worsteni,0,0,0,0,0,0,19,128,0,0,0,0,0
xaokova,259,995,0,0,0,0,5,5,0,0,0,0,5180
xemt,0,0,0,0,0,0,39,5041,0,0,0,0,0
xernon,9,279,0,0,0,0,0,0,0,0,0,0,180
xia_osom_eth_awska,0,0,0,0,0,0,4,396,0,0,0,0,0
xunaan,0,0,0,0,0,0,25,25,0,0,0,0,0
xunix,0,0,0,0,0,0,33,111,0,0,0,0,0
yemrod,0,0,0,0,0,0,19,1305,107,11447,0,0,1180
yet_another_evil_queendom,0,0,0,0,0,0,27,29,0,0,0,0,0
yin_and_yog,0,0,0,0,0,0,7,897,0,0,0,0,0
yogonsen,0,0,0,0,0,0,16,136,0,0,0,0,0
yonisia,0,0,0,0,0,0,37,37,0,0,0,0,0
ypogegrammeni,0,0,0,0,0,0,115,16199,0,0,0,0,0
yrquonzenia,0,0,0,0,0,0,1,6,0,0,0,0,0
yukjuleide,0,0,0,0,0,0,25,403,0,0,0,0,0
yunislavia,0,0,0,0,0,0,57,126,0,0,0,0,0
zakobia,0,0,0,0,0,0,0,0,7,132,0,0,140
zavea,0,0,0,0,0,0,0,0,1,35,0,0,0
zerkyr_xiszczy,0,0,0,0,0,0,16,378,0,0,0,0,0
zinatus_havionia,0,0,0,0,0,0,17,888,0,0,0,0,0
ziotah_and_riverside,535,16456,0,0,0,0,188,13890,4,187,0,0,10700
zon_island,1,7,0,0,0,0,0,0,0,0,0,0,20
zouveland,0,0,0,0,0,0,63,1932,0,0,0,0,0
zyklon_b,0,0,0,0,0,0,0,0,1,3343,0,0,20
